"","TEAM","PTS","AGE","MIN","FGA","X3PM","REB","AST","KG","CM"
"1","DEN",12.4,25,27.7,10,1.2,5.7,3.2,107,203
"2","IND",7.2,24,17.8,6.6,1,1.3,1.9,84,183
"3","BOS",4.7,21,14.5,3.9,0.9,2.8,0.5,98,196
"4","PHX",6.7,27,14.8,4.8,0.8,2.6,0.8,102,196
"5","CHI",1.1,22,4,1.4,0.1,0.4,0.4,86,193
"6","OKC",14.2,35,27.9,12.9,2,6.7,3.4,109,206
"7","CHI",4.4,30,18.9,4.3,0.3,4.8,1.3,97,198
"8","NYK",12.7,29,25.6,10.2,2.1,4.6,2.2,86,213
"9","OKC",8.2,19,24.2,9.1,1.3,4.7,2.2,98,208
"10","GSW",1.9,20,5.6,1.8,0.3,1.1,0.3,84,193
"11","LAL",6.4,27,21,5.3,0.9,2.9,2.8,113,213
"12","WAS",6.6,28,15.3,4.3,0.1,4.1,0.8,100,203
"13","LAL",3.1,28,6.6,2.4,0.4,1.4,0.2,98,201
"14","BKN",5.2,25,10.5,3.8,0.1,5,0.8,96,201
"15","IND",2.6,27,5.9,1.6,0,1.6,0.2,104,208
"16","LAC",3.2,24,9,2.3,0.5,1,0.5,95,201
"17","CLE",2.6,38,7.2,3.2,0,4,0.6,118,211
"18","LAL",14.9,27,27,12.4,0,12,2,127,208
"19","MIA",4.4,37,21.3,3.9,1,3.5,2.3,98,198
"20","BKN",1.2,29,12.6,2.8,0.2,3,0.8,95,201
"21","GSW",18.6,26,33.3,14.9,2,4.9,2.4,89,201
"22","POR",7.8,22,17.3,6.3,1.9,2.2,1.4,82,191
"23","LAL",21.8,28,32.3,17,0.7,7.9,3.1,115,208
"24","MIN",19.3,19,32.1,16.8,2.4,4.7,2.9,102,193
"25","WAS",3.1,28,8.4,2.3,0.3,2,0.4,104,201
"26","HOU",5.5,23,17.3,4.9,1,2.9,1,103,198
"27","PHI",1.5,36,9,1.5,0.4,0.9,0.2,109,203
"28","WAS",0,25,6.3,1,0,1,1,104,216
"29","HOU",11.2,23,26,9.6,3,3.4,1.5,88,191
"30","TOR",6.1,34,18.5,5.7,0.5,5.2,0.9,118,208
"31","MIN",0,21,2,0,0,0,0,86,191
"32","DEN",7.9,28,23.5,6.8,1.5,2.3,2.3,91,193
"33","HOU",6.4,30,22.3,6.3,1.2,2.1,1.7,82,191
"34","MIL",1.8,28,7.7,1.4,0.1,0.8,0.5,95,201
"35","MIA",18.7,23,33.5,12.5,0,9,5.4,116,206
"36","LAL",7.7,28,17.1,6.9,1.8,1.9,0.7,88,191
"37","PHI",14.3,24,32.4,10.1,0.1,7.2,6.9,109,211
"38","CHA",5,28,20.4,3.7,0,5.3,1.2,116,203
"39","BKN",11,32,25.8,8.9,1.5,4.9,3,113,206
"40","DAL",4.7,32,8.2,3.7,0,3.9,0.3,132,224
"41","MIL",11.4,26,20.8,9.1,1.1,7.1,1.1,113,208
"42","ATL",16.4,28,29.7,12.8,3.3,3.6,3.3,100,198
"43","UTA",17,32,30.8,12.8,2.5,3.9,1.9,103,201
"44","DEN",2.2,21,5,1.8,0.3,0.8,0.2,100,218
"45","CHA",5.5,31,17.3,4.9,0.3,1.7,2.9,95,191
"46","WAS",31.3,28,35.8,23,2.2,4.7,4.4,94,191
"47","MEM",10.3,24,24,8.4,0.3,5.6,1.6,98,203
"48","ATL",4.9,25,13.2,4.7,0.7,1.5,2,82,183
"49","NOP",23.8,23,34.3,18,2.3,4.9,4.9,86,203
"50","IND",0.5,22,2.5,0.7,0,0.5,0,86,198
"51","CLE",3.9,24,12.5,3.4,0.5,1.7,0.9,84,196
"52","MIL",12.3,33,27.2,9.1,1.4,5,0.7,128,213
"53","BKN",8.8,24,22.3,6.5,0.3,5.4,1.6,92,193
"54","HOU",2.8,25,6.1,2.8,0,2.3,0.2,99,206
"55","ATL",1.5,22,6.8,1.3,0,2.4,0.3,109,206
"56","MIL",10,27,19.3,7.6,2.2,1.6,0.6,93,188
"57","SAC",16.6,28,34.3,14,4,4.7,3.6,100,193
"58","POR",2.3,21,6.4,2.2,0.2,1.1,0.3,93,196
"59","POR",23.1,29,34,18.8,3.6,3.9,4.7,99,203
"60","CHA",5,25,15.4,4.8,0.6,2.7,1.3,95,203
"61","ATL",11.2,21,28.9,10.1,1.3,4,1.3,102,203
"62","PHX",9.6,25,24,8.1,2,3.3,1.4,83,185
"63","HOU",10.8,24,21.8,8.3,1,5.3,1.3,102,201
"64","PHX",8.4,26,18,6.6,1.2,2.4,3.6,93,198
"65","HOU",3,26,8.1,3.6,0.6,1,0.4,108,201
"66","IND",20.2,26,31.6,17.3,1.8,4.6,5.2,91,180
"67","POR",13.4,37,24.5,11.3,1.9,3.1,1.5,86,196
"68","BOS",4,23,8.9,3.6,0.6,0.8,0.5,84,185
"69","IND",1.5,21,3.9,1.8,0.1,0.8,0,104,201
"70","WAS",1.9,23,4.5,1.5,0.4,0.4,0.5,95,198
"71","CLE",10.4,26,25.6,9.9,1.7,3.4,2.9,90,198
"72","WAS",4.3,25,13.8,4.1,0.3,3.1,0.7,84,188
"73","OKC",4.4,24,16.9,4.8,0.6,1.9,1,102,206
"74","ORL",6.5,28,20.4,5.8,1.1,2,1.8,91,206
"75","SAC",6.3,24,13.6,5,0.4,3.1,0.8,79,180
"76","TOR",13.6,28,24.2,9.3,1.5,6.7,1.1,79,183
"77","BKN",4,25,10.6,4,0.6,1.1,3,106,203
"78","PHX",16.4,36,31.4,12.6,1.5,4.5,8.9,97,208
"79","SAC",2.1,24,6.2,1.1,0.1,1.8,0.4,104,198
"80","HOU",21,25,32.3,15.6,1.9,9.6,1.7,91,198
"81","ORL",7.8,22,25.2,7.2,1.1,4,2.2,86,191
"82","ATL",15.2,27,30.1,11,0,14.3,0.8,109,208
"83","CHI",15.1,21,31.2,13.1,2.4,4.1,4.8,88,196
"84","CHA",4,25,16.3,3.6,0.3,3.1,1.7,93,196
"85","CHA",9.4,28,20.9,6.8,0.1,6.8,1.8,109,211
"86","ORL",12.9,21,27.1,11.7,1.2,4.7,4.1,84,188
"87","CLE",24.3,22,35.3,18.4,1.6,3.1,4.4,86,185
"88","DET",8.2,29,23,6.8,0.7,2.5,3.4,91,191
"89","CHI",1.3,28,4.6,0.7,0,1.4,0.5,122,211
"90","MIN",19,25,28.5,15.5,2.9,2.6,5.8,83,180
"91","HOU",7.7,33,19.8,6,1.5,1.6,3.3,105,208
"92","HOU",5.2,25,12.4,4.8,0.9,3.2,0.7,91,193
"93","SAS",4.1,23,15.9,3.9,0.6,2.3,0.7,111,211
"94","PHI",6,25,15.4,6,1,0.9,1.6,88,188
"95","SAC",4.7,26,14,2.6,0,3.1,0.7,95,196
"96","POR",28.8,30,35.8,19.9,4.1,4.2,7.5,95,196
"97","GSW",6.5,28,18.9,4.8,1.4,3.2,1.3,88,193
"98","CLE",6.7,27,19.7,6.4,1,2,2,106,208
"99","WAS",7,22,14.7,4.2,0,4.3,0.5,109,203
"100","LAC",1.8,21,5.4,1.7,0,1.6,0.3,111,203
"101","CHI",9.6,29,24.6,7.2,0.8,5.5,1.7,106,208
"102","ATL",13.3,32,24,9.3,2,4.1,1.5,98,198
"103","PHI",9.5,34,28,7.9,2.5,3.8,1.7,97,196
"104","HOU",3.8,25,19.4,4.3,0.3,2.8,2.2,100,198
"105","HOU",8.8,28,25.9,7.6,1.5,3.7,1.9,104,196
"106","PHX",8.7,27,17.4,6.8,0.9,3.8,1.3,102,208
"107","OKC",13.7,21,31.2,12.5,1.5,7.2,1.8,94,203
"108","CLE",17.4,21,33.1,14.9,1.9,2.4,6.1,87,185
"109","OKC",4.1,31,10.9,2.7,0.9,1.3,1.2,102,198
"110","HOU",9.2,28,22.6,7.3,0.6,3.9,1,99,196
"111","WAS",11.5,28,25.7,8.4,3,2.9,0.9,102,208
"112","SAC",25.2,23,35.1,19.1,1.8,3.5,7.2,84,191
"113","ATL",15,23,29.5,10.8,1.3,4.8,1.9,103,206
"114","MEM",9.1,23,20.1,7.6,1.7,3.1,2.5,113,211
"115","BKN",7.5,32,21.9,4.4,0,7.5,1.6,95,196
"116","TOR",5.7,26,19.1,4.5,0.3,2.9,2.1,102,203
"117","SAS",21.6,31,33.7,15.1,0.3,4.2,6.9,120,211
"118","LAC",8.9,30,17.4,7.4,1.1,6.4,1.9,91,188
"119","CLE",6,24,19.2,4.9,1.2,3.4,1.2,86,203
"120","PHX",14.4,22,30.6,10,0.1,10.5,1.4,82,193
"121","DET",2.1,21,6.7,2,0.5,1.5,0.3,84,196
"122","SAS",15.7,24,31.9,14.5,0.9,7.1,5.4,100,198
"123","SAC",10.2,29,27.7,8.2,1,4.3,4.4,122,208
"124","WAS",6.3,20,23.3,5.8,1,4.9,1.2,95,206
"125","LAL",15.4,27,32.1,12.5,1.2,3.5,5.8,78,191
"126","DET",6.7,23,18.3,6.3,0.8,2.4,3.3,93,188
"127","CHI",6.5,27,16.7,6.7,1.3,3.2,1.7,100,193
"128","UTA",5.4,29,15.3,3.6,0,5.5,0.6,120,206
"129","POR",6.8,24,22.7,5.2,0.7,3.5,0.8,95,196
"130","NYK",14.7,32,25.6,12.2,1,2.6,4.2,91,188
"131","SAS",15.4,26,29.5,12.6,2.3,3,3.5,86,193
"132","MEM",9.2,23,22.3,7.3,1.7,3.1,1.7,98,196
"133","PHX",25.6,24,33.9,19.2,1.9,4.2,4.3,93,196
"134","ORL",4.3,25,9.3,3.5,0.8,0.6,0.1,83,188
"135","SAS",5.5,20,17,4.9,0.8,2.8,0.9,91,196
"136","CHI",2.1,21,4.6,1.9,0.1,0.5,0.6,84,188
"137","LAL",2,24,4.9,1.5,0,1.6,0.1,109,201
"138","CHA",14.8,26,30.2,12.2,3.3,2.7,5.4,88,185
"139","MIA",7.1,31,13.2,4.1,0.1,5.4,0.8,111,213
"140","NOP",2.7,21,18.8,4.3,0.7,1,1,85,196
"141","MEM",17.2,25,29.8,15.4,1.9,2.9,2.3,102,201
"142","IND",20.3,25,36,14.6,0.8,12,6.7,109,211
"143","UTA",26.4,24,33.4,20.6,3.4,4.4,5.2,98,185
"144","ORL",5.6,23,13.8,2.7,0,4.8,0.8,104,208
"145","MIL",10.4,24,27.5,9.1,2,5.8,3.1,92,193
"146","DAL",9.8,28,32,7.8,2,5.4,1.7,100,201
"147","IND",13.6,29,24.5,10.1,1.7,3.3,1.3,102,201
"148","GSW",7,31,31.5,6,0.5,7.1,8.9,104,198
"149","SAS",5.8,24,14,3.8,0,4.5,0.8,111,206
"150","MIA",13.1,27,31.4,10,3.5,3.5,1.8,98,201
"151","ORL",10.9,25,25.7,10.1,0.8,3.1,1.3,100,198
"152","PHI",7,35,17.3,4.4,0.1,8.4,0.9,120,208
"153","DAL",5.9,29,16.6,3.3,0.1,4,1.1,109,208
"154","CLE",5.2,24,16.5,4.2,0.8,3.5,1.1,89,198
"155","PHX",4.9,32,14.4,4.5,0.4,1.7,1.5,99,206
"156","MIN",2.1,32,13,1.9,0,5,0.9,89,193
"157","IND",7.5,25,16.2,5.3,0.7,1.8,0.9,88,191
"158","NYK",10.1,27,23.6,9.9,0.4,3.4,3.2,95,196
"159","MIL",16,26,31.6,13,1,6,3,98,196
"160","UTA",1.7,23,3.5,1.7,0.4,0.5,0.3,113,208
"161","POR",11.2,29,24.4,7.8,0,11,1.2,97,185
"162","NOP",12.2,31,29.7,10.3,1.7,3.4,3.8,98,191
"163","HOU",17.8,32,29.2,13.6,2.6,2.1,2.6,116,198
"164","GSW",9.5,24,17.4,7.5,0.5,3.2,1.3,107,206
"165","UTA",3.8,34,8.7,3.2,1.1,1.7,0.2,87,191
"166","BOS",17.1,28,30,12.9,2.8,3,3.4,93,201
"167","DEN",6.1,30,21.9,4.8,1.2,2.1,3.6,88,178
"168","DET",9.8,23,18.5,7.3,1.5,2.2,0.9,93,191
"169","PHX",6.6,28,15.2,5.5,0.7,4,1.7,109,213
"170","ORL",6.3,27,19.8,6,0.5,3,3,86,180
"171","NYK",2.7,22,9.8,2.4,0.7,0.9,0.6,91,193
"172","TOR",19.6,27,36.5,16.7,3.3,4.2,6.3,89,185
"173","TOR",5.6,24,19.6,4.2,0,4.9,0.5,111,206
"174","PHI",9.1,23,19.3,7.7,1.8,2.1,1.5,92,201
"175","MIA",4.8,25,13.1,4.7,0.9,1.1,1.3,91,191
"176","OKC",8.4,26,21.2,6.7,0.2,4,2.4,105,198
"177","CHI",7.6,35,27.3,6.8,1.2,2.9,2.2,88,196
"178","WAS",5.5,24,16.2,3.7,1.2,1.4,0.4,98,196
"179","PHI",3.1,26,16.8,3.4,0.8,2.9,0.8,102,198
"180","ORL",9.9,26,27.7,8.8,1.2,2,2,95,193
"181","GSW",2.5,28,4,1.3,0.2,1.1,0.1,88,191
"182","TOR",15.3,22,31.1,13.5,2.8,2.6,1.4,95,196
"183","PHI",8.7,35,22.4,6.6,1,2,2.4,85,193
"184","UTA",6.9,28,16,5.6,1.7,2.4,0.8,104,201
"185","MIL",28.1,26,33,18,1.1,11,5.9,110,211
"186","SAC",5.3,27,16.1,4.3,0.7,2,0.9,101,198
"187","IND",5.1,21,12.5,4.3,0.4,3.3,0.8,113,211
"188","MIA",13.4,35,26.7,11.1,1.8,3.4,4.4,86,191
"189","CHA",19.6,31,34,15,1.9,5.9,4.1,102,201
"190","SAS",6.8,31,14.5,4.3,0.8,3.7,1.3,114,208
"191","CHA",2.6,24,3.9,1.7,0.3,0.1,0.4,86,188
"192","BOS",4.7,22,18.1,3.9,0.8,2.8,1,107,198
"193","MEM",10.6,25,25.2,8.3,2.1,3.2,2.2,90,193
"194","DEN",0,28,3,0.8,0,0,0,95,203
"195","DET",11.6,22,23.6,9,0.5,5.2,1.9,92,196
"196","SAC",16.1,29,36.2,11.1,1.7,6.6,3.5,102,203
"197","POR",2.8,23,9.2,2.6,0.2,3.5,0.8,109,211
"198","SAC",8.1,32,15.2,6.2,0,6,0.6,120,213
"199","TOR",7.5,24,19.2,7,1,6,2.5,109,208
"200","ORL",7,22,19.1,6.4,0.8,3.5,1.3,100,198
"201","BKN",1,31,5.5,2,0,0.5,0,96,196
"202","NYK",11.4,22,19.4,9.1,1.8,2.1,2,86,191
"203","WAS",2,21,10.8,2,0.3,1.7,0.6,82,203
"204","CLE",9.6,20,32.4,8.3,0.9,3.1,1.9,102,196
"205","CLE",5.1,23,12.1,3.7,0,3.9,1.2,113,213
"206","PHI",3.7,21,9.3,3.2,1,0.9,0.5,75,193
"207","OKC",8.7,23,23.4,7,0.5,5.6,1.8,104,203
"208","DET",7.9,20,21.4,6,0.3,6.7,0.9,113,203
"209","NOP",7.7,32,16.1,9,1,1.3,1.7,84,175
"210","WAS",6.7,32,21,6.8,0.4,3.4,3.9,79,183
"211","LAC",9,24,22.3,5.5,0,7.2,1.3,109,213
"212","DAL",7.4,37,16.4,6.1,1.5,1.5,1.2,79,191
"213","MEM",19.1,21,32.6,15.2,1.2,4,7.4,111,203
"214","IND",4.6,28,10.9,3.9,0.1,2.7,0.1,84,206
"215","DEN",8.1,31,19.3,6.4,1.4,4.8,0.9,107,198
"216","DEN",7.3,33,14.7,6.1,0.1,5.2,0.8,104,193
"217","BOS",5.5,26,12.7,4.2,0.2,3.2,0.8,122,208
"218","MIN",6.8,20,24,5.8,1.1,3.7,1.1,86,191
"219","PHX",10.1,30,27.5,8.2,2.5,4.7,2.1,97,201
"220","HOU",11.3,25,29.2,8.9,0.9,5.3,2.5,95,203
"221","DET",5.4,25,12.9,3.8,0.1,2.4,0.5,111,216
"222","SAC",3.1,20,7.3,2.9,0.4,0.8,0.5,86,185
"223","MIN",5.1,27,13.9,4.1,0.5,1.5,0.6,88,196
"224","SAS",8.6,25,26.7,6.2,0,7.9,1.9,84,193
"225","DAL",12.6,24,25,9.2,1.2,3.4,3.5,93,206
"226","TOR",7.4,22,13.2,5.5,1.3,1.4,1.3,98,208
"227","IND",1.3,21,3,2.3,0,1.3,0.5,98,191
"228","CHA",7.4,23,19.2,6,0.7,3.6,1.1,98,198
"229","PHX",2,21,5.8,1.9,0.1,1.4,0.1,100,196
"230","DEN",21.2,24,35.5,16.5,2.7,4,4.8,109,201
"231","ORL",8.4,30,24.1,5.9,1.1,4,1.5,93,201
"232","BKN",24.6,31,36.6,16.7,2.8,7.9,10.8,109,213
"233","NOP",7.2,34,20.5,6.4,0.6,3.5,1.9,103,203
"234","NOP",1.7,30,5.3,1.4,0.4,1,0.3,108,198
"235","GSW",11.5,20,21.4,9.4,0.3,5.8,0.7,79,178
"236","LAL",0.5,35,6.7,0.8,0.2,1.8,0.4,110,211
"237","NYK",0.4,23,2,0.5,0,0.3,0.1,97,206
"238","MEM",14.4,21,23.5,11.4,1.5,5.6,1.1,113,196
"239","MIN",5.4,22,17.8,3.7,0,5.8,1.2,110,211
"240","UTA",2.3,25,4.9,1.9,0.4,1,0.5,88,198
"241","CLE",12.8,23,29.6,7.7,0.1,10,1.7,122,213
"242","MIN",5.3,22,14.7,4.9,0.4,3.1,0.7,93,193
"243","CHI",3.6,27,11.6,2.5,0.2,1.7,0.4,100,211
"244","NOP",7.5,21,16.1,4.7,0.1,4.3,0.6,100,196
"245","LAC",8.8,20,21,9,0.5,3.5,0.3,102,183
"246","MIL",0.3,25,2.6,1.1,0,0.4,0.3,101,198
"247","BOS",24.7,24,34.5,19.2,2.8,6,3.4,98,203
"248","OKC",6.1,22,16.8,4.6,0,3.4,1.3,91,193
"249","MIN",9,21,18.1,8,1.2,2.3,1.5,95,203
"250","BOS",26.4,23,35.8,20.6,2.9,7.4,4.3,107,203
"251","BKN",11,34,27,7.8,1.5,3.9,1.6,88,191
"252","MIL",6.7,33,17.3,5.2,0.7,1.6,2.4,95,203
"253","DET",22.3,27,33.9,17.3,2.1,4.6,2.8,84,188
"254","CLE",2.4,25,8.4,3.7,0.3,0.8,0.4,82,196
"255","IND",10.1,29,21.3,7.7,1.4,3.6,1.5,86,193
"256","WAS",4.9,24,17.9,5.6,0.6,2.2,1.5,91,185
"257","PHX",4.1,25,11.9,3.7,0.9,1.5,1.2,104,201
"258","MIA",21.5,31,33.6,14.2,0.5,6.9,7.1,91,191
"259","BKN",14.1,29,31,10.2,3.1,3.6,1.9,100,198
"260","UTA",12.1,33,27.9,8.4,2.7,3.6,4.7,100,203
"261","PHI",28.5,27,31.1,17.6,1.1,10.6,2.8,127,213
"262","ATL",17.6,23,29.3,12.2,1.3,7.4,1.2,107,206
"263","MEM",4.3,25,13.4,3.2,0.5,3,1.1,95,196
"264","HOU",20.6,30,32.2,18.2,2,3.2,6.9,95,191
"265","MEM",17.1,29,28.3,12,0.3,12.5,1.8,120,211
"266","MEM",2,21,4.9,1.4,0.3,1.3,0.1,109,211
"267","GSW",2.5,26,13.6,3.7,0,4,1.2,98,203
"268","ORL",4,23,14,3.9,0.7,1.7,1.3,82,188
"269","UTA",18.4,29,26.7,15.8,3.1,4,2.5,88,193
"270","MIN",5,25,18.4,4.7,0.6,2.1,3.8,84,180
"271","MIL",5.7,22,9.1,4.5,0.9,2,0.2,102,203
"272","GSW",12,22,19.4,9.3,1.9,1.8,1.9,88,193
"273","DAL",2.6,20,11.4,2.4,0.1,2,0.7,91,196
"274","OKC",4.1,20,16,4.7,0.2,2.8,1.3,86,206
"275","NOP",9.2,26,28.7,7.3,1.3,8,2.3,98,196
"276","DET",13.4,24,25.2,11.4,1.2,4.1,2.3,94,203
"277","MIN",5.4,22,20.3,4.3,0.5,2.6,1.1,97,193
"278","DAL",12.1,27,30.3,10.5,1.5,3.3,2.6,91,196
"279","MIL",17.7,31,32.3,13.9,1.9,4.5,6.1,93,191
"280","GSW",5.7,28,20.9,3.9,0.7,4.4,2.8,95,198
"281","MIN",7.2,25,17.3,5.8,1.1,3.9,0.7,97,206
"282","NYK",24.1,26,37.6,18.6,2.3,10.2,6,113,203
"283","IND",10.5,32,30.3,8.7,2.4,3.6,1.7,82,198
"284","MIL",7.2,26,17,6.5,1.1,2.3,1.5,100,203
"285","SAC",3.9,24,8.6,3.1,0.4,0.8,0.6,86,201
"286","HOU",5.4,24,19,5.4,0.7,3.8,1.1,109,211
"287","OKC",2.3,23,9.7,2.3,0.4,0.8,1,88,185
"288","MEM",6.8,25,19.5,8.1,0.4,4.5,1.9,101,198
"289","POR",11.5,26,23.8,9,0.3,9,3.4,132,211
"290","UTA",1.2,24,5.1,1,0.1,1,0.3,105,201
"291","MIA",2.5,22,12.1,2.6,0.3,1.8,0.5,86,191
"292","ORL",1.1,21,8.8,1.3,0.1,1.4,0.4,112,211
"293","MIN",24.8,25,33.8,17.5,2.4,10.6,4.5,102,201
"294","LAC",24.8,30,34.1,17.5,1.9,6.5,5.2,104,203
"295","SAS",2.6,25,8.2,2.2,0.2,1.6,0.4,104,196
"296","IND",4.5,25,9.2,3.9,0.7,2.2,0.5,100,196
"297","SAS",12.8,21,28.5,10.2,0.9,6,1.8,91,193
"298","POR",0.7,25,4.4,1.2,0.1,0.6,0.2,109,211
"299","HOU",13.5,30,28.5,10,1.8,7,2.9,92,201
"300","GSW",15.4,25,30.7,13.2,1.6,6,1.3,83,183
"301","BOS",19.3,31,31.8,15.7,3,4,4.9,86,188
"302","MIA",14.6,25,29.5,11.8,2.2,3.2,2.6,95,198
"303","OKC",8,26,21.6,6.2,0.8,4.1,2.3,88,193
"304","GSW",7.2,31,19.9,5.9,1.1,3.4,1.6,93,196
"305","LAL",9.7,28,28.4,7.6,1.8,2.7,1.9,98,198
"306","HOU",9.3,20,23.7,7.1,0.8,5.4,1.1,109,208
"307","BKN",26.9,32,33.1,17.2,2.4,7.1,5.6,86,201
"308","ATL",11.9,22,30.8,10.6,2,3.3,3.5,98,201
"309","NYK",3.9,21,11.1,3.4,0.8,1.5,0.5,114,203
"310","CLE",12.2,32,24.9,10.1,2.3,7.4,2.5,92,193
"311","HOU",16.6,21,32.1,14.1,1.9,3.8,6.3,101,206
"312","GSW",4.1,25,19,3.2,0.1,5.3,2,106,206
"313","TOR",7.2,28,22.8,5.7,0.2,5.8,1.3,101,201
"314","MIL",20.4,29,33.4,15.8,2.2,6,5.4,95,191
"315","HOU",16.4,25,30.6,13.2,1.8,3.6,5,88,196
"316","DET",6.8,19,25.8,7.7,0.8,2.7,5.3,100,206
"317","MEM",3.2,23,10.1,3.2,0.6,1.3,0.4,77,185
"318","NOP",6.4,20,16.7,6.2,0.7,1.3,2.3,91,208
"319","LAL",0.8,23,3.7,0.7,0,1.3,0.1,93,191
"320","ATL",1.3,27,11.4,3,0,1.5,0.5,109,221
"321","DAL",20.1,25,30.9,15.9,2.3,8.9,1.6,104,206
"322","MEM",12.4,27,27.4,9.5,1.4,5.7,3.6,76,185
"323","SAC",2.8,23,7.6,2.8,0.4,1.1,1,100,208
"324","LAL",12.9,25,28.7,11.1,2,6.1,1.9,89,183
"325","TOR",17.2,35,34.8,13,2.8,5.4,7.3,88,188
"326","BKN",26.9,29,34.9,20.1,2.8,4.8,6,98,203
"327","BKN",13.5,35,25.9,11.4,1.2,4.5,1.9,104,198
"328","CHA",15.7,19,28.8,13.2,1.8,5.9,6.1,113,211
"329","CLE",4.1,23,12.5,3.4,0.1,2.4,0.6,82,198
"330","BKN",9.3,24,23,7.5,2.1,1.8,1.6,86,193
"331","PHX",4.8,29,10.9,3.7,0.9,1.1,0.7,91,185
"332","CLE",9.3,28,31.2,7.8,1.2,6.7,3.1,111,201
"333","CHI",13.6,24,25.8,10.2,2.3,5.3,0.9,109,213
"334","LAL",25,36,33.4,18.3,2.3,7.7,7.8,113,206
"335","SAS",11.2,22,25.4,10.2,1.7,2.6,1.7,93,193
"336","NOP",14.6,23,31.8,12.7,3.1,4.8,5.7,86,198
"337","ATL",11.3,34,21.6,9.8,1,2.1,3.4,79,185
"338","SAC",7.3,22,14.2,5.7,0.7,3,1.5,93,201
"339","OKC",14,22,29.7,12.3,2.2,3.6,1.7,98,191
"340","DAL",27.7,22,34.3,20.5,2.9,8,8.6,104,201
"341","SAS",3.7,21,9.3,3.2,0.4,2.1,0.5,103,208
"342","LAC",8.3,25,19.6,6.6,1.6,2.6,1.7,93,196
"343","BOS",3.4,25,11.2,3.3,0.5,2.2,0.8,113,218
"344","TOR",7.5,23,19.7,7.2,1.1,2.5,2.9,79,185
"345","IND",21.2,28,34.5,17.5,2.6,5.3,5.9,104,196
"346","MIN",19.6,24,32.8,16.2,3.5,4.4,2.4,85,193
"347","LAC",1,23,3.6,1,0.3,1,0,104,203
"348","CHA",11.7,23,20.9,9.5,2,2.4,2.1,91,191
"349","MIL",3.1,24,10.1,2.9,0.1,2.4,0.6,103,206
"350","LAL",5,36,19.1,3.7,1,4.1,2.1,116,211
"351","LAC",13.4,31,26.3,10.2,2.5,4.1,1,99,203
"352","BOS",13.1,27,32.9,10.6,1.9,3.5,5.7,100,191
"353","ORL",12.9,23,26.9,13,0.5,3.1,5.4,95,191
"354","LAL",6.7,31,19.7,6.2,1.1,4.4,1.2,111,206
"355","DEN",2.8,22,5.5,2.9,0.5,0.6,0.5,79,178
"356","CLE",1.2,23,4.8,0.5,0,1,0,113,208
"357","GSW",6.5,23,13.4,7,0.5,6.5,1,109,206
"358","SAC",14.1,22,25.9,11.4,0.9,7.4,1,107,211
"359","PHI",5.3,22,10.5,3.8,0.8,1.7,1.3,91,193
"360","DET",10.4,31,26.8,6.8,0,9.3,3.6,115,211
"361","PHI",3.9,24,20,3.7,0.7,1.9,1,91,196
"362","UTA",3.1,26,7.3,2.8,0.6,1,0.4,86,193
"363","CLE",2.8,30,17.2,4.3,0.3,1.8,4.5,91,191
"364","SAC",5.2,28,20.9,4.5,0.6,2.4,1.2,100,201
"365","MIA",6.1,25,13,4.8,1.3,1.1,0.6,98,196
"366","DAL",7.1,29,26.8,5.5,1.7,5.2,1.4,109,208
"367","MIA",3.3,29,9.8,2.3,1,2.3,0.7,118,213
"368","CLE",2.4,23,7.2,2.3,0.3,1.5,0.4,113,206
"369","ORL",8.8,29,25.8,8.7,0.5,4.5,4.2,86,196
"370","DEN",19,23,31.3,13.4,2.8,7.3,1.1,99,208
"371","PHX",13.5,24,32.6,9.3,1.9,4.3,2.1,95,198
"372","UTA",16.2,33,29.4,12.5,2.7,3.5,6,79,185
"373","BKN",7.7,30,18.2,7.1,0.8,2.5,4.2,79,185
"374","OKC",9.7,29,18.4,7.6,1.9,3.8,0.8,109,208
"375","PHI",4.2,32,16.7,4.1,1,2.4,0.8,108,201
"376","CHA",12.7,23,29.3,9.4,1.8,6,2.2,102,198
"377","NYK",8.3,23,27.5,5.7,0,8.1,0.5,109,213
"378","UTA",1.9,23,9.6,1.8,0.6,1.6,0.5,93,196
"379","ORL",8,23,15.8,6.5,0.8,5.8,0.8,105,213
"380","DEN",10.2,26,25.5,8.2,1.1,2,3.2,83,188
"381","LAL",13.5,27,22.9,8.7,0,6.2,1.1,109,201
"382","ORL",6.9,24,16,5.1,0.7,3.2,1.1,111,211
"383","BOS",8.6,21,21.4,6.2,0,8.9,0.2,111,218
"384","GSW",5.6,27,12.8,4.4,1.4,1,0.4,83,191
"385","IND",12.6,25,31,9.2,1.5,6.5,1,113,211
"386","NOP",7.7,23,21.9,6.5,0.9,4.6,2.8,100,201
"387","POR",4.6,21,13.3,3.5,0.6,2.7,0.5,100,196
"388","CHA",1.3,22,3.7,1,0.3,0.1,0.1,91,198
"389","DAL",2,22,4.4,2,0.2,0.4,0.4,95,196
"390","ATL",3.8,23,8.4,3,0.2,2.2,0.2,115,208
"391","MIN",11.2,21,19.2,8.3,0.9,4.6,1,120,206
"392","MIA",6.5,33,16.1,5.3,0.7,3.4,1.9,106,208
"393","NYK",5.1,27,24.2,3.5,0,6.4,0.7,100,211
"394","BKN",6.6,22,18.6,4.5,0,5.2,0.9,98,211
"395","CHA",0.8,23,3.5,0.5,0,0.6,0.1,111,213
"396","NOP",11,22,21.9,10,1.7,3.1,2.2,93,198
"397","GSW",4.1,20,12.1,3.8,0.7,1.5,2.3,86,188
"398","LAC",8.1,32,27.4,6.1,1.6,4.7,2.2,104,203
"399","DAL",3,30,12.6,3.1,0.5,2.7,1,107,206
"400","DEN",26.4,26,34.6,18,1.3,10.8,8.3,129,211
"401","CHI",23.4,30,33.5,19.9,2.5,11.7,3.8,118,211
"402","BKN",0,25,2.7,0.8,0,0.3,0.3,117,208
"403","POR",18.6,28,32,13.3,2.5,3.1,1.9,98,191
"404","NYK",1.5,28,6.4,1.2,0,1.5,0.2,105,208
"405","TOR",15.9,23,33.3,12.1,2.4,5.5,2.2,100,206
"406","NYK",4.1,23,11,3.4,0.4,2.2,0.5,105,201
"407","ATL",4.6,20,12,3,0,3.3,0.4,107,203
"408","IND",10.9,23,24.7,7.2,1.6,5.5,0.9,95,201
"409","ORL",9.7,28,21.7,8.1,1.4,5.4,2,90,203
"410","DEN",7.7,24,21.8,7.1,0.9,3.6,1.8,93,198
"411","MIL",3.7,36,26.1,3.4,0.8,3.9,1.2,111,196
"412","CHA",12.9,22,30.5,10.7,1.8,6.5,2.5,104,201
"413","TOR",21.4,27,35.8,17.2,1.3,7.2,4.5,104,206
"414","MIL",6.8,28,22.8,5.6,1.5,4.8,1.2,95,196
"415","LAC",7.5,32,22.5,5.9,1.5,3.2,2.1,82,185
"416","TOR",1,25,6.7,0.2,0,0.6,0.8,82,201
"417","LAC",5.2,32,15.3,4.3,1.1,2,0.8,107,203
"418","CHI",9.2,19,27.9,7.4,0.8,4.6,1.4,98,201
"419","SAS",10.8,32,24.8,9,2.4,1.7,2.4,82,185
"420","LAC",23.3,31,33.7,17.6,3.2,6.6,5.2,100,203
"421","DEN",9,36,20.8,7.2,0.9,4.7,1.8,117,201
"422","PHI",3.4,22,6.8,3,0,2.3,0.5,95,206
"423","TOR",4.1,26,11,3,1.1,1.7,0.6,95,198
"424","BOS",7.7,23,19.2,6.3,1.5,2.4,1.8,88,185
"425","MIA",5,21,12.1,3.7,0,3.4,0.5,102,203
"426","CLE",3.3,28,6.8,3,0.5,0.7,0.8,82,185
"427","SAS",2.3,24,6.1,1.8,0.1,0.6,0.4,93,191
"428","ORL",6.9,20,17.4,6.1,0.5,3.5,1.7,79,193
"429","NYK",17.6,21,34.9,14.7,1.7,5.8,3,82,185
"430","LAC",5.4,35,17.1,4.8,0.8,2.4,4.4,82,185
"431","WAS",8.7,29,21.9,7,1,2.4,2.3,102,206
"432","HOU",2,24,9.4,2,0,2,0,95,191
"433","PHI",2.4,23,4.9,1.3,0.1,0.8,0.4,93,198
"434","NYK",10.9,30,30,8.6,2.5,3.4,1.5,94,188
"435","LAC",10.7,31,23,8.7,1.8,2.9,3.1,113,203
"436","BKN",3,21,8.1,3,0.2,2.8,0.5,107,208
"437","SAC",14.2,27,29.2,9.4,0,8.3,1.7,86,191
"438","MIN",8.6,30,26.1,7.3,1,3.3,6.4,97,198
"439","POR",8.5,30,32,7.3,1.9,6.7,1.7,95,201
"440","ORL",6.1,24,14.4,4,0.7,2,0.7,102,201
"441","BOS",8,23,18.9,5,0,6.9,1.8,108,203
"442","SAC",1.5,21,3.5,1.5,0.1,1.2,0.2,107,198
"443","WAS",9,33,19.1,6,0.1,3.8,0.8,127,213
"444","MIL",1.5,23,5.9,1.5,0.3,1.1,0.5,103,206
"445","TOR",4.5,28,17.1,4.7,0.6,1.9,1,94,203
"446","DET",5.7,29,12.1,4.4,0.7,1.4,1,93,193
"447","BOS",3.1,21,15.7,3.3,0.3,1.9,0.7,98,193
"448","POR",2.5,26,9.8,1.6,0,2.4,1.2,98,198
"449","UTA",7,28,31.6,5.5,1.5,6.8,2.5,103,193
"450","SAS",11.4,34,21.6,10,1.7,4.8,1.4,113,203
"451","UTA",14.3,29,30.8,8.2,0,13.5,1.3,117,216
"452","WAS",13.8,23,31.5,11.4,0.8,5.5,1.4,104,203
"453","WAS",22.2,32,36.4,19,1.3,11.5,11.7,91,191
"454","CHI",3.1,27,10.2,2.7,0.6,1.5,1.3,88,191
"455","DET",5.6,22,16.3,4.4,0.2,2,3.6,83,188
"456","DET",12.2,22,27.3,9.9,2.5,4.5,1.4,98,201
"457","MIL",3,25,7.8,2.4,0.7,1,0.7,93,193
"458","MEM",2.2,24,8.8,1.8,0.3,1.1,0.2,88,198
"459","DET",5.1,20,15.5,5,0.5,2.6,0.8,104,203
"460","BOS",4.6,26,17,3.9,1,2.6,0.7,109,198
"461","LAC",11.1,31,23.3,8.9,1,6.7,1.8,107,208
"462","PHI",12.5,30,28.7,9.7,2.2,2.4,2.7,84,188
"463","OKC",23.7,22,33.7,16.1,2,4.7,5.9,82,198
"464","PHI",13,24,23.2,10.6,1.1,2.3,3.1,93,196
"465","DEN",2.1,27,9.8,2.3,0.1,1.4,0.7,86,201
"466","ORL",2,26,10.3,2.2,0.3,0.9,1,98,193
"467","ATL",3.8,23,8.2,3,0.4,1.1,0.9,93,193
"468","ATL",4.5,30,21.3,4.2,1,3,1.1,103,198
"469","BKN",6.7,28,21.4,5.3,0.7,4.3,3,98,196
"470","TOR",4.4,25,16.5,3.8,0.7,2.5,1.5,110,198
"471","GSW",32,33,34.2,21.7,5.3,5.5,5.8,84,191
"472","HOU",8.2,26,24.1,6.6,1.8,4.4,1.4,99,196
"473","NOP",7.6,27,27.7,5.3,0,8.9,1.9,120,211
"474","OKC",8.5,24,20.1,7.7,1.6,2.5,1.7,93,201
"475","POR",1.7,24,5.1,1.4,0,0.7,0.1,101,208
"476","IND",8.6,29,26,7.1,0.2,3.7,6.6,86,185
"477","IND",15.5,27,29.3,12.8,0,3.5,1.3,100,203
"478","BOS",2.5,25,7.1,1.5,0,2.7,0.2,141,226
"479","NYK",5.4,36,20.8,3.5,0.1,5.6,0.8,105,206
"480","LAL",9,20,20.1,7.5,0.6,2.6,2.8,106,193
"481","CLE",9.5,27,22.1,8,1.5,3.5,1.9,99,201
"482","LAC",7,24,18.9,5.2,0.6,3.6,1.6,98,196
"483","SAC",8.7,24,17.6,7.5,1.6,2.5,1.4,91,193
"484","PHI",0.2,23,3.8,0.5,0,0.1,0.2,86,198
"485","ORL",15.6,30,29.3,13.4,1.9,3.4,2.3,93,198
"486","CHA",20.4,27,34.5,16.4,3.2,4.4,4.2,86,185
"487","CHI",12.1,33,24.3,9.7,0.2,6.2,4.3,107,203
"488","MIL",2.9,28,9.7,2.4,0.1,2.2,0.8,99,198
"489","OKC",10.1,20,27.3,9.4,1.6,3.2,3.5,79,193
"490","NYK",0.1,25,2,0.5,0,0.3,0.1,96,196
"491","WAS",14.3,23,27.1,9.1,0.9,6.1,1.5,112,208
"492","CLE",3.8,24,9.6,2.3,0,2.3,0.5,100,213
"493","MEM",1.6,30,12.4,4,0,1.6,3.2,77,183
"494","DAL",16.6,29,28.4,13,3,3.3,1.8,93,196
"495","BKN",6.4,26,18.1,6.1,1.3,2.2,1.2,100,201
"496","PHI",19.5,28,32.5,14.9,1.3,6.8,3.5,103,203
"497","CHI",7.7,29,22.5,5.7,0.7,2.4,4.7,95,201
"498","OKC",7.1,23,16.3,4.7,0,5.7,0.9,112,208
"499","ATL",5.3,29,21.1,3.6,1.3,2.4,1.3,97,198
"500","PHX",5.5,30,16.1,4.5,0.8,3.9,1,100,201
"501","ATL",25.3,22,33.7,17.7,2.2,3.9,9.4,82,185
"502","SAS",2.5,21,7.3,2.1,0.1,0.6,1.1,84,185
"503","BOS",3.8,23,9.1,3.2,0.6,0.8,2.4,79,178
"504","UTA",2.9,23,10.1,2.4,0.2,1.5,1.5,95,193
"505","MIA",9.4,36,28,8,1.7,4.8,1.8,98,203
"506","DAL",6.6,28,14.7,5.7,0.9,0.9,1.3,84,183
"507","SAS",5,25,15.6,3.9,0.6,3.7,0.6,106,206
"508","BOS",7.6,30,23.8,6,0,8.1,1.2,115,206
"509","CHI",4.7,21,15.4,4.2,0.6,3.1,0.9,98,198
"510","OKC",10.7,23,23.9,8.7,2.2,2.8,3.6,88,196
"511","PHX",0.6,22,3.2,0.8,0.1,0.7,0.4,98,201
"512","DAL",1,23,3.9,1.2,0.1,1.1,0.2,116,203
"513","DET",4.9,23,13.7,3.2,0,3,0.5,88,196
"514","MIA",15.1,21,30.3,12.9,2,5,3.4,84,191
"515","BKN",5.4,29,17.5,4.7,1.2,2,1.2,73,188
"516","DAL",1,20,5.1,1.5,0,0.5,0.5,84,196
"517","SAC",13,21,30.1,10.7,2.1,3,5.3,91,188
"518","PHI",8,20,15.3,7,0.5,1.7,2,88,191
"519","MEM",6.3,25,17.5,5.9,0.6,2,3.7,89,183
"520","UTA",1.1,21,3.8,0.6,0,0.9,0,127,208
"521","MIA",4,41,2.7,2,0,1,0,107,203
"522","CHA",2.4,20,6,1.9,0.1,1.4,0.1,122,206
"523","MIA",19.8,29,32.7,17.5,2.4,4.8,4.6,97,193
"524","PHI",0.8,27,3.9,1.2,0,1.4,0.2,107,213
"525","DEN",2.1,24,6.9,1.8,0.2,1.2,0.3,107,203
"526","DET",9.6,33,22,7.3,2.5,1.8,1.5,94,193
"527","ORL",11.2,22,25.5,8.5,0.3,8.2,1.9,122,208
"528","NOP",3.4,24,11.5,2.9,0.6,2.6,0.5,93,206
"529","NOP",2.4,26,13.1,2.5,0.1,2.2,0.4,88,198
"530","LAL",4.8,34,19.5,4.3,1.1,1.6,0.9,100,193
"531","DEN",12.7,30,31,10.9,1.8,4,3.2,82,198
"532","NOP",0,23,3.3,1,0,0,0,106,208
"533","DAL",5.3,27,17.1,3.4,0,4.5,0.7,109,213
"534","NOP",7.8,27,18,5.7,0,7.1,1.1,113,211
"535","MEM",6.6,22,18.4,5.1,0.4,4.3,1.3,111,203
"536","LAC",5.6,28,13.7,5.7,0.9,1.9,2.2,81,183
"537","TOR",4.4,26,14.5,3.6,0.7,3.2,0.8,98,206
"538","CHI",27.4,26,35.1,19.4,3.4,5,4.9,91,196
"539","DEN",3.2,20,9.5,2.5,0.6,1.5,0.2,109,206
"540","NOP",27,20,33.2,17,0.2,7.2,3.7,129,201
