PLAYER,TEAM,AGE,GP,W,L,MIN,PTS,FGM,FGA,FG%,3PM,3PA,3P%,FTM,FTA,FT%,OREB,DREB,REB,AST,TOV,STL,BLK,PF,FP,DD2,TD3,PLMI,WEIGHT,HEIGHT
Aaron Gordon,DEN,25,50,29,21,27.7,12.4,4.6,10,46.3,1.2,3.5,33.5,1.9,3,65.1,1.5,4.1,5.7,3.2,1.9,0.7,0.7,1.8,26.1,3,1,1.2,107,203
Aaron Holiday,IND,24,66,30,36,17.8,7.2,2.6,6.6,39,1,2.8,36.8,1,1.3,81.9,0.2,1.1,1.3,1.9,1,0.7,0.2,1.4,13.3,1,0,0,84,183
Aaron Nesmith,BOS,21,46,22,24,14.5,4.7,1.7,3.9,43.8,0.9,2.3,37,0.5,0.6,78.6,0.6,2.2,2.8,0.5,0.5,0.3,0.2,1.9,9.9,0,0,-0.2,98,196
Abdel Nader,PHX,27,24,16,8,14.8,6.7,2.4,4.8,49.1,0.8,1.8,41.9,1.2,1.5,75.7,0.3,2.3,2.6,0.8,0.8,0.4,0.4,1.4,12.5,0,0,1.2,102,196
Adam Mokoka,CHI,22,14,3,11,4,1.1,0.5,1.4,36.8,0.1,0.7,10,0,0.1,0,0.1,0.3,0.4,0.4,0.4,0.1,0.1,0.4,2.3,0,0,-0.6,86,193
Al Horford,BOS,35,28,11,17,27.9,14.2,5.8,12.9,45,2,5.4,36.8,0.6,0.8,81.8,1,5.7,6.7,3.4,1,0.9,0.9,1.7,31.7,1,0,-3.6,109,206
Alec Burks,NYK,29,49,27,22,25.6,12.7,4.3,10.2,42,2.1,5,41.5,2.1,2.4,85.6,0.4,4.2,4.6,2.2,1,0.6,0.3,2.1,23.3,3,0,2.6,97,198
Aleksej Pokusevski,OKC,19,45,13,32,24.2,8.2,3.1,9.1,34.1,1.3,4.6,28,0.7,0.9,73.8,0.7,4,4.7,2.2,2.2,0.4,0.9,1.3,19,1,0,-8.7,86,213
Alen Smailagic,GSW,20,15,10,5,5.6,1.9,0.7,1.8,40.7,0.3,0.7,40,0.1,0.4,33.3,0.4,0.7,1.1,0.3,0.3,0.2,0.3,0.7,4.8,0,0,-2.1,98,208
Alex Caruso,LAL,27,58,32,26,21,6.4,2.3,5.3,43.6,0.9,2.4,40.1,0.8,1.3,64.5,0.5,2.4,2.9,2.8,1.3,1.1,0.3,1.9,16.8,0,0,2.1,84,193
Alex Len,WAS,28,64,30,34,15.3,6.6,2.7,4.3,61.5,0.1,0.4,32,1.1,1.8,62.9,1.2,2.8,4.1,0.8,0.9,0.3,1,2,15.7,2,0,-1.5,113,213
Al-Farouq Aminu,CHI,30,23,5,18,18.9,4.4,1.7,4.3,38.4,0.3,1.6,21.6,0.8,1,81.8,1,3.8,4.8,1.3,1.2,0.8,0.4,1.3,14.6,1,0,-2.3,100,203
Alfonzo McKinnie,LAL,28,39,22,17,6.6,3.1,1.2,2.4,51.6,0.4,1,41,0.3,0.5,55.6,0.6,0.8,1.4,0.2,0.1,0.2,0,0.7,5.4,0,0,0.2,98,201
Alize Johnson,BKN,25,18,10,8,10.5,5.2,2.2,3.8,58.8,0.1,0.3,16.7,0.7,0.7,100,1.5,3.5,5,0.8,0.5,0.3,0.3,0.9,13.6,2,0,-1,96,201
Amir Coffey,LAC,24,44,32,12,9,3.2,1,2.3,43.7,0.5,1.3,41.1,0.6,0.9,71.1,0.2,0.8,1,0.5,0.3,0.2,0,0.7,5.5,0,0,-0.6,95,201
Andre Iguodala,MIA,37,63,37,26,21.3,4.4,1.5,3.9,38.3,1,2.9,33,0.4,0.6,65.8,0.6,2.9,3.5,2.3,1.1,0.9,0.6,1.4,15.3,0,0,-1.3,98,198
Andre Roberson,BKN,29,5,4,1,12.6,1.2,0.4,2.8,14.3,0.2,1.6,12.5,0.2,0.4,50,1.4,1.6,3,0.8,0.4,0.6,0.2,0.8,8,0,0,-3.8,95,201
Andrew Wiggins,GSW,26,71,38,33,33.3,18.6,7.1,14.9,47.7,2,5.2,38,2.4,3.4,71.4,1.2,3.7,4.9,2.4,1.8,0.9,1,2.2,32,3,0,0,89,201
Anfernee Simons,POR,22,64,37,27,17.3,7.8,2.6,6.3,41.9,1.9,4.4,42.6,0.7,0.9,80.7,0.2,2,2.2,1.4,0.7,0.3,0.1,1.5,13.1,0,0,0.7,82,191
Anthony Davis,LAL,28,36,23,13,32.3,21.8,8.4,17,49.1,0.7,2.8,26,4.4,5.9,73.8,1.7,6.2,7.9,3.1,2.1,1.3,1.6,1.7,42.6,12,0,3.2,115,208
Anthony Edwards,MIN,19,72,23,49,32.1,19.3,7,16.8,41.7,2.4,7.2,32.9,2.9,3.8,77.6,0.8,3.8,4.7,2.9,2.2,1.1,0.5,1.8,32,3,0,-3.2,102,193
Anthony Gill,WAS,28,26,11,15,8.4,3.1,1.2,2.3,50,0.3,0.9,29.2,0.5,0.6,81.3,0.6,1.3,2,0.4,0.3,0.4,0.2,1,7.4,0,0,-0.7,104,201
Anthony Lamb,HOU,23,24,3,21,17.3,5.5,1.9,4.9,39,1,3,32.4,0.8,0.9,85.7,1.1,1.8,2.9,1,0.8,0.3,0.2,1.4,11.1,0,0,-3.7,103,198
Anthony Tolliver,PHI,36,11,7,4,9,1.5,0.4,1.5,23.5,0.4,1.3,28.6,0.5,0.5,83.3,0.3,0.6,0.9,0.2,0.3,0.3,0.2,0.6,4,0,0,2.7,109,203
Armoni Brooks,HOU,23,20,3,17,26,11.2,3.9,9.6,40.6,3,7.9,38.2,0.4,0.6,58.3,0.5,2.9,3.4,1.5,1.1,0.6,0.3,1.7,18.9,0,0,-6.8,88,191
Aron Baynes,TOR,34,53,20,33,18.5,6.1,2.5,5.7,44.1,0.5,1.9,26.2,0.5,0.8,70.7,1.6,3.5,5.2,0.9,0.9,0.3,0.4,2.2,15,2,0,-1.5,118,208
Austin Rivers,DEN,28,36,20,16,23.5,7.9,2.9,6.8,42.4,1.5,4.1,36.9,0.6,0.9,71,0.2,2.1,2.3,2.3,1,0.8,0.1,1.8,15.7,0,0,0.3,91,193
Avery Bradley,HOU,30,27,6,21,22.3,6.4,2.4,6.3,37.4,1.2,3.7,32.7,0.4,0.6,80,0.3,1.8,2.1,1.7,1,0.8,0.1,2,13.1,0,0,-4.9,82,191
Axel Toupane,MIL,28,8,2,6,7.7,1.8,0.5,1.4,36.4,0.1,0.3,50,0.6,0.9,71.4,0,0.8,0.8,0.5,0,0.3,0.4,0.8,5.3,0,0,-0.4,95,201
Ben McLemore,LAL,28,53,20,33,17.1,7.7,2.5,6.9,37,1.8,5.3,34.6,0.7,1,73.6,0.3,1.6,1.9,0.7,0.8,0.4,0.2,1.7,12,0,0,-1.9,88,191
Ben Simmons,PHI,24,58,42,16,32.4,14.3,5.6,10.1,55.7,0.1,0.2,30,3,4.9,61.3,1.6,5.6,7.2,6.9,3,1.6,0.6,2.9,36.9,13,4,5.7,109,211
Blake Griffin,BKN,32,46,24,22,25.8,11,3.8,8.9,42.3,1.5,4.5,34.1,1.9,2.5,74.4,0.8,4.1,4.9,3,1.3,0.7,0.3,2.4,23.1,2,0,1.3,113,206
Bobby Portis,MIL,26,66,44,22,20.8,11.4,4.7,9.1,52.3,1.1,2.4,47.1,0.8,1.1,74,1.9,5.2,7.1,1.1,0.8,0.8,0.4,1.7,24.2,12,0,2.1,113,208
Bogdan Bogdanovic,ATL,28,44,30,14,29.7,16.4,6.1,12.8,47.3,3.3,7.6,43.8,0.9,1,90.9,0.5,3.2,3.6,3.3,1.2,1.1,0.3,2.3,28.7,0,0,2.5,100,198
Bojan Bogdanovic,UTA,32,72,52,20,30.8,17,5.6,12.8,43.9,2.5,6.4,39,3.2,3.7,87.9,0.6,3.3,3.9,1.9,1.8,0.6,0.1,1.6,24.8,0,0,5.8,103,201
Bol Bol,DEN,21,32,21,11,5,2.2,0.8,1.8,43.1,0.3,0.8,37.5,0.3,0.5,66.7,0,0.8,0.8,0.2,0.4,0.1,0.3,0.4,4.2,0,0,-2.5,100,218
Brad Wanamaker,CHA,31,61,29,32,17.3,5.5,1.9,4.9,38.5,0.3,1.4,18.8,1.5,1.7,89.1,0.3,1.4,1.7,2.9,1.2,0.7,0.2,1.5,13.3,0,0,-2.1,95,191
Bradley Beal,WAS,28,60,32,28,35.8,31.3,11.2,23,48.5,2.2,6.2,34.9,6.8,7.7,88.9,1.2,3.5,4.7,4.4,3.1,1.2,0.4,2.3,45,4,0,-0.1,94,191
Brandon Clarke,MEM,24,59,32,27,24,10.3,4.3,8.4,51.7,0.3,1.3,26,1.3,1.9,69,1.6,3.9,5.6,1.6,0.6,1,0.9,1.4,24.5,3,0,-0.3,98,203
Brandon Goodwin,ATL,25,47,25,22,13.2,4.9,1.8,4.7,37.7,0.7,2.2,31.1,0.6,0.9,65.1,0.2,1.3,1.5,2,0.8,0.4,0,0.9,10,0,0,-1.3,82,183
Brandon Ingram,NOP,23,61,29,32,34.3,23.8,8.4,18,46.6,2.3,6.1,38.1,4.6,5.2,87.8,0.6,4.3,4.9,4.9,2.5,0.7,0.6,2,38.2,4,0,0.7,86,203
Brodric Thomas,CLE,24,32,6,26,12.5,3.9,1.2,3.4,36.1,0.5,1.8,27.1,1,1.4,67.4,0.3,1.4,1.7,0.9,0.7,0.5,0.3,1.3,9,0,0,-1.5,84,196
Brook Lopez,MIL,33,70,46,24,27.2,12.3,4.6,9.1,50.3,1.4,4,33.8,1.7,2,84.5,1.5,3.5,5,0.7,0.9,0.6,1.5,2.1,24.5,3,0,4.5,128,213
Bruce Brown,BKN,24,65,45,20,22.3,8.8,3.6,6.5,55.6,0.3,0.9,28.8,1.3,1.8,73.5,1.7,3.7,5.4,1.6,0.8,0.9,0.4,2.2,20.8,6,0,1.1,92,193
Bryn Forbes,MIL,27,70,45,25,19.3,10,3.6,7.6,47.3,2.2,4.9,45.2,0.7,0.9,77,0.2,1.4,1.6,0.6,0.6,0.3,0,1.1,13.3,1,0,1.4,93,188
Buddy Hield,SAC,28,71,31,40,34.3,16.6,5.7,14,40.6,4,10.2,39.1,1.2,1.5,84.6,0.4,4.3,4.7,3.6,1.8,0.9,0.4,2.5,29.7,2,0,-0.8,100,193
Caleb Martin,CHA,25,53,23,30,15.4,5,1.8,4.8,37.5,0.6,2.4,24.8,0.8,1.2,64.1,0.6,2.1,2.7,1.3,0.6,0.7,0.2,1.2,12.2,1,0,-1.9,93,196
Cam Reddish,ATL,21,26,10,16,28.9,11.2,3.7,10.1,36.5,1.3,4.8,26.2,2.6,3.2,81.7,0.8,3.2,4,1.3,1.3,1.3,0.3,2.6,21.6,0,0,-1.9,99,203
Cameron Johnson,PHX,25,60,43,17,24,9.6,3.4,8.1,42,2,5.6,34.9,0.8,1,84.7,0.6,2.8,3.3,1.4,0.7,0.6,0.3,1.4,17.7,0,0,2.9,95,203
Cameron Oliver,HOU,24,4,1,3,21.8,10.8,4.8,8.3,57.6,1,3.3,30.8,0.3,1,25,1.3,4,5.3,1.3,0.8,0.5,1,2.8,22.7,1,0,-2.8,102,203
Cameron Payne,PHX,26,60,42,18,18,8.4,3.2,6.6,48.4,1.2,2.8,44,0.8,0.9,89.3,0.3,2.1,2.4,3.6,1,0.6,0.3,1.6,18.3,1,0,3,83,185
Cameron Reynolds,HOU,26,5,3,2,8.1,3,1.2,3.6,33.3,0.6,2.4,25,0,0,0,0.4,0.6,1,0.4,0,0,0,0.4,4.8,0,0,-5.2,102,201
Caris LeVert,IND,26,47,24,23,31.6,20.2,7.6,17.3,44.1,1.8,5.5,32.6,3.1,3.8,81.1,0.7,3.9,4.6,5.2,2.2,1.4,0.6,2.2,37.4,6,0,-0.1,93,198
Carmelo Anthony,POR,37,69,39,30,24.5,13.4,4.7,11.3,42.1,1.9,4.7,40.9,2,2.2,89,0.5,2.6,3.1,1.5,0.9,0.7,0.6,2.1,22.1,0,0,-0.3,108,201
Carsen Edwards,BOS,23,31,14,17,8.9,4,1.5,3.6,42.3,0.6,2,28.6,0.4,0.4,84.6,0.1,0.7,0.8,0.5,0.2,0.2,0,0.8,6.2,0,0,-0.8,91,180
Cassius Winston,WAS,23,22,10,12,4.5,1.9,0.6,1.5,42.4,0.4,0.8,47.1,0.2,0.3,83.3,0,0.4,0.4,0.5,0.2,0.1,0,0.4,3.4,0,0,-2.2,84,185
Cedi Osman,CLE,26,59,17,42,25.6,10.4,3.7,9.9,37.4,1.7,5.5,30.6,1.3,1.6,80,0.6,2.8,3.4,2.9,1.4,0.9,0.2,2,20.7,2,0,-5.5,104,201
Chandler Hutchison,WAS,25,25,11,14,13.8,4.3,1.6,4.1,37.9,0.3,0.9,36.4,0.8,1,84,0.2,2.9,3.1,0.7,0.8,0.5,0.2,1.3,10.3,0,0,-2.3,95,198
Charlie Brown Jr.,OKC,24,9,1,8,16.9,4.4,1.4,4.8,30.2,0.6,2.3,23.8,1,1.1,90,0.3,1.6,1.9,1,0.7,0.4,0.2,2.1,9.5,0,0,-4.8,90,198
Chasson Randle,ORL,28,41,10,31,20.4,6.5,2.2,5.8,38.8,1.1,3.2,33.8,0.9,1.2,79.2,0.2,1.8,2,1.8,1.1,0.5,0.1,1.6,12.4,0,0,-6.5,84,188
Chimezie Metu,SAC,24,36,14,22,13.6,6.3,2.5,5,50.8,0.4,1,35.1,0.9,1.2,72.1,0.9,2.3,3.1,0.8,0.8,0.4,0.5,1.6,13,0,0,-1.6,102,206
Chris Boucher,TOR,28,60,25,35,24.2,13.6,4.8,9.3,51.4,1.5,3.9,38.3,2.5,3.2,78.8,2,4.8,6.7,1.1,0.8,0.6,1.9,2.8,29.8,12,0,1.6,91,206
Chris Chiozza,BKN,25,22,12,10,10.6,4,1.4,4,35.2,0.6,1.9,31,0.6,0.8,76.5,0.1,1,1.1,3,0.7,0.3,0.3,0.9,10.8,1,0,0.9,79,180
Chris Paul,PHX,36,70,49,21,31.4,16.4,6.3,12.6,49.9,1.5,3.7,39.5,2.4,2.6,93.4,0.4,4.1,4.5,8.9,2.2,1.4,0.3,2.4,37.9,25,1,4.4,79,183
Chris Silva,SAC,24,15,8,7,6.2,2.1,0.7,1.1,62.5,0.1,0.1,100,0.7,1,73.3,0.5,1.3,1.8,0.4,0.7,0.1,0.4,1.6,5.6,0,0,-0.1,106,203
Christian Wood,HOU,25,41,12,29,32.3,21,8,15.6,51.4,1.9,5,37.4,3,4.8,63.1,1.9,7.8,9.6,1.7,2,0.8,1.2,2.1,39.2,19,0,-2.4,97,208
Chuma Okeke,ORL,22,45,15,30,25.2,7.8,3,7.2,41.7,1.1,3.1,34.8,0.7,0.9,75,0.9,3.1,4,2.2,0.8,1.1,0.5,1.1,19.8,0,0,-4,104,198
CJ Elleby,POR,21,30,19,11,6.4,2.3,0.8,2.2,37.9,0.2,1.1,20.6,0.4,0.5,73.3,0.4,0.7,1.1,0.3,0.2,0.2,0.1,0.9,4.8,0,0,-0.5,91,198
CJ McCollum,POR,29,47,28,19,34,23.1,8.6,18.8,45.8,3.6,8.9,40.2,2.3,2.8,81.2,0.6,3.3,3.9,4.7,1.4,0.9,0.4,1.9,37.7,2,0,4.4,86,191
Coby White,CHI,21,69,30,39,31.2,15.1,5.4,13.1,41.6,2.4,6.6,35.9,1.9,2.1,90.1,0.4,3.7,4.1,4.8,2.3,0.6,0.2,2.6,27.2,5,0,-1.6,88,196
Cody Martin,CHA,25,52,26,26,16.3,4,1.6,3.6,44.1,0.3,1.1,27.6,0.5,0.8,58.1,1,2.1,3.1,1.7,0.8,0.7,0.2,1,12.2,1,0,-0.1,93,196
Cody Zeller,CHA,28,48,21,27,20.9,9.4,3.8,6.8,55.9,0.1,0.6,14.3,1.8,2.5,71.4,2.5,4.4,6.8,1.8,1.1,0.6,0.4,2.5,22,8,0,0.9,109,211
Cole Anthony,ORL,21,47,13,34,27.1,12.9,4.7,11.7,39.7,1.2,3.7,33.7,2.3,2.8,83.2,0.8,3.9,4.7,4.1,2.3,0.6,0.4,2.1,25.5,0,0,-6.9,84,188
Collin Sexton,CLE,22,60,18,42,35.3,24.3,8.8,18.4,47.5,1.6,4.4,37.1,5.2,6.4,81.5,1,2.2,3.1,4.4,2.8,1,0.2,2.6,35.4,1,0,-6.3,86,185
Cory Joseph,DET,29,63,25,38,23,8.2,3.2,6.8,46.9,0.7,2.1,34.1,1.1,1.4,81.8,0.6,2,2.5,3.4,1.3,1,0.3,2.2,18.8,2,0,-3.1,91,191
D.J. Augustin,HOU,33,57,28,29,19.8,7.7,2.4,6,39.4,1.5,3.8,38.2,1.5,1.6,90.4,0.4,1.3,1.6,3.3,1.1,0.5,0,1,15,0,0,-0.7,83,180
D.J. Wilson,HOU,25,35,13,22,12.4,5.2,1.9,4.8,40.5,0.9,2.5,34.5,0.5,0.7,68,0.6,2.6,3.2,0.7,0.6,0.3,0.5,1.3,11.7,1,0,-3,105,208
Dakota Mathias,PHI,25,8,4,4,15.4,6,2.4,6,39.6,1,3.3,30.8,0.3,0.8,33.3,0.1,0.8,0.9,1.6,0.1,0.1,0.4,0.9,10.9,0,0,-3.9,91,193
Damian Lillard,POR,30,67,39,28,35.8,28.8,9,19.9,45.1,4.1,10.5,39.1,6.7,7.2,92.8,0.5,3.7,4.2,7.5,3,0.9,0.3,1.5,45.7,16,0,3,88,188
Damion Lee,GSW,28,57,28,29,18.9,6.5,2.2,4.8,46.7,1.4,3.4,39.7,0.7,0.8,90.9,0.4,2.8,3.2,1.3,0.5,0.7,0.1,1.6,14.1,0,0,0.7,95,196
Damyean Dotson,CLE,27,46,14,32,19.7,6.7,2.6,6.4,40.6,1,3.5,28.9,0.5,0.8,66.7,0.1,1.9,2,2,0.9,0.3,0.1,0.9,12.5,0,0,-4.7,95,196
D'Angelo Russell,MIN,25,42,16,26,28.5,19,6.7,15.5,43.1,2.9,7.4,38.7,2.7,3.5,76.5,0.4,2.3,2.6,5.8,2.7,1.1,0.4,1.6,32.7,6,0,-4.6,88,193
Daniel Theis,CHI,29,65,28,37,24.6,9.6,3.9,7.2,54.1,0.8,2.3,32.2,1.1,1.7,67.3,1.4,4,5.5,1.7,1,0.6,0.9,2.6,22.2,6,0,-0.5,111,203
Danilo Gallinari,ATL,32,51,29,22,24,13.3,4,9.3,43.4,2,5,40.6,3.2,3.4,92.5,0.3,3.8,4.1,1.5,0.8,0.6,0.2,2.1,22,2,0,1.8,106,208
Danny Green,PHI,34,69,46,23,28,9.5,3.2,7.9,41.2,2.5,6.3,40.5,0.4,0.6,77.5,0.8,3,3.8,1.7,1,1.3,0.8,1.8,22,1,0,4.5,98,198
Dante Exum,HOU,25,6,3,3,19.4,3.8,1.7,4.3,38.5,0.3,1.8,18.2,0.2,0.3,50,0.3,2.5,2.8,2.2,1.2,0.7,0.3,1.5,12.3,0,0,1,97,196
Danuel House Jr.,HOU,28,36,8,28,25.9,8.8,3.1,7.6,40.4,1.5,4.3,34.6,1.1,1.8,65.1,0.5,3.2,3.7,1.9,1,0.6,0.4,1.9,18,0,0,-6.2,100,198
DaQuan Jeffries,SAS,23,31,6,25,15.9,4.1,1.6,3.9,41.7,0.6,2.2,29.9,0.2,0.3,87.5,0.6,1.7,2.3,0.7,0.5,0.5,0.3,1.5,9.9,0,0,-1.8,104,196
Dario Saric,PHX,27,50,37,13,17.4,8.7,3.1,6.8,44.7,0.9,2.7,34.8,1.7,2,84.8,0.9,2.9,3.8,1.3,1.1,0.6,0.1,1.9,16.2,0,0,4.4,102,208
Darius Bazley,OKC,21,55,16,39,31.2,13.7,5,12.5,39.6,1.5,5.2,29,2.3,3.2,70.2,0.9,6.3,7.2,1.8,2.2,0.5,0.5,1.1,25.8,11,0,-8.7,94,203
Darius Garland,CLE,21,54,18,36,33.1,17.4,6.7,14.9,45.1,1.9,4.9,39.5,2.1,2.4,84.8,0.4,2,2.4,6.1,3,1.2,0.1,2,30.4,6,0,-4.4,87,185
Darius Miller,OKC,31,18,5,13,10.9,4.1,1.2,2.7,45.8,0.9,2.3,40.5,0.7,0.7,100,0.1,1.2,1.3,1.2,0.4,0.7,0.3,0.7,10,0,0,2.1,102,198
David Nwaba,HOU,28,30,8,22,22.6,9.2,3.5,7.3,48.6,0.6,2.1,27,1.6,2.3,69.1,1.3,2.6,3.9,1,0.6,1,0.7,2,20,1,0,-0.9,99,196
Davis Bertans,WAS,28,57,29,28,25.7,11.5,3.4,8.4,40.4,3,7.5,39.5,1.8,2,87,0.3,2.6,2.9,0.9,0.6,0.6,0.2,2.4,18.2,0,0,1.9,102,208
De'Aaron Fox,SAC,23,58,24,34,35.1,25.2,9.1,19.1,47.7,1.8,5.5,32.2,5.2,7.2,71.9,0.6,2.9,3.5,7.2,3,1.5,0.5,2.9,43.1,11,0,-3.4,84,191
Dean Wade,CLE,24,63,19,44,19.2,6,2.1,4.9,43.1,1.2,3.4,36.6,0.5,0.6,76.9,0.6,2.8,3.4,1.2,0.5,0.6,0.3,1.2,14,1,0,-3.5,103,206
Deandre Ayton,PHX,22,69,48,21,30.6,14.4,6.2,10,62.6,0.1,0.3,20,1.9,2.5,76.9,3.3,7.2,10.5,1.4,1.5,0.6,1.2,2.8,33.1,33,0,4,113,211
DeAndre' Bembry,TOR,26,51,23,28,19.1,5.7,2.3,4.5,51.3,0.3,1,26.4,0.9,1.3,68.2,0.6,2.2,2.9,2.1,1.4,1,0.4,1.7,15.1,0,0,0.1,95,196
De'Andre Hunter,ATL,23,23,12,11,29.5,15,5.2,10.8,48.4,1.3,4.1,32.6,3.2,3.7,85.9,0.7,4,4.8,1.9,1.3,0.8,0.5,2.6,26.3,1,0,3.7,102,203
De'Anthony Melton,MEM,23,52,27,25,20.1,9.1,3.3,7.6,43.8,1.7,4.1,41.2,0.8,1,80.4,0.6,2.5,3.1,2.5,1.3,1.2,0.6,1.6,20.6,1,0,2.3,91,188
Deividas Sirvydis,DET,21,20,8,12,6.7,2.1,0.7,2,35,0.5,1.4,35.7,0.2,0.3,50,0,1.5,1.5,0.3,0.3,0.1,0,0.5,4.2,0,0,-1.2,86,203
Dejounte Murray,SAS,24,67,32,35,31.9,15.7,6.6,14.5,45.3,0.9,3,31.7,1.6,2,79.1,0.9,6.2,7.1,5.4,1.7,1.5,0.1,2,35.4,13,4,1.3,82,193
Delon Wright,SAC,29,63,21,42,27.7,10.2,3.8,8.2,46.3,1,2.7,37.2,1.6,2,80.2,1,3.2,4.3,4.4,1.3,1.6,0.5,1.2,26.9,3,0,-1.7,84,196
DeMar DeRozan,SAS,31,61,27,34,33.7,21.6,7.5,15.1,49.5,0.3,1.2,25.7,6.3,7.2,88,0.7,3.6,4.2,6.9,2,0.9,0.2,2.1,38.6,13,0,-1.7,100,198
DeMarcus Cousins,LAC,30,41,22,19,17.4,8.9,3.2,7.4,42.6,1.1,3.3,34.8,1.4,2,72.8,1.3,5.1,6.4,1.9,1.6,0.8,0.6,2.6,22.1,7,0,-1.5,122,208
Deni Avdija,WAS,20,54,25,29,23.3,6.3,2.4,5.8,41.7,1,3.1,31.5,0.5,0.8,64.4,0.4,4.4,4.9,1.2,0.6,0.6,0.3,2.6,15.9,2,0,-1.5,95,206
Dennis Schroder,LAL,27,61,38,23,32.1,15.4,5.4,12.5,43.7,1.2,3.5,33.5,3.4,4,84.8,0.5,3,3.5,5.8,2.7,1.1,0.2,2.6,29.6,6,0,1.4,78,191
Dennis Smith Jr.,DET,23,23,7,16,18.3,6.7,2.5,6.3,40,0.8,2.5,32.8,0.8,1.1,73.1,0.5,1.9,2.4,3.3,1.1,1,0.6,1.6,18.3,1,1,-0.8,93,188
Denzel Valentine,CHI,27,62,26,36,16.7,6.5,2.5,6.7,37.3,1.3,3.9,33.1,0.3,0.3,94.1,0.4,2.8,3.2,1.7,0.7,0.5,0.1,1.1,14,0,0,0.7,100,193
Derrick Jones Jr.,POR,24,58,32,26,22.7,6.8,2.5,5.2,48.4,0.7,2.3,31.6,1,1.6,64.8,1.3,2.2,3.5,0.8,0.6,0.6,0.9,2.2,16.4,0,0,-1.1,95,196
Derrick Rose,NYK,32,50,28,22,25.6,14.7,5.7,12.2,47,1,2.6,38.8,2.2,2.5,86.6,0.4,2.2,2.6,4.2,1.6,1,0.4,1.1,26.6,1,0,2.7,91,188
Derrick White,SAS,26,36,18,18,29.5,15.4,5.2,12.6,41.1,2.3,6.8,34.6,2.7,3.2,85.1,0.4,2.6,3,3.5,1.3,0.7,1,2.5,28.1,0,0,2.6,86,193
Desmond Bane,MEM,23,68,36,32,22.3,9.2,3.4,7.3,46.9,1.7,4,43.2,0.6,0.7,81.6,0.5,2.6,3.1,1.7,0.9,0.6,0.2,1.8,17.1,0,0,0.2,98,196
Devin Booker,PHX,24,67,48,19,33.9,25.6,9.3,19.2,48.4,1.9,5.5,34,5.1,5.9,86.7,0.5,3.7,4.2,4.3,3.1,0.8,0.2,2.7,37.1,1,0,4.9,93,196
Devin Cannady,ORL,25,8,0,8,9.3,4.3,1.4,3.5,39.3,0.8,2,37.5,0.8,0.9,85.7,0,0.6,0.6,0.1,0.3,0.6,0.1,1.1,7.2,0,0,-2.9,83,188
Devin Vassell,SAS,20,62,30,32,17,5.5,2,4.9,40.6,0.8,2.4,34.7,0.7,0.8,84.3,0.4,2.4,2.8,0.9,0.4,0.7,0.3,1.4,12.8,0,0,-1,91,196
Devon Dotson,CHI,21,11,4,7,4.6,2.1,1,1.9,52.4,0.1,0.6,14.3,0,0,0,0.2,0.3,0.5,0.6,0,0.4,0,0.3,4.7,0,0,2.9,84,188
Devonte' Graham,CHA,26,55,23,32,30.2,14.8,4.6,12.2,37.7,3.3,8.7,37.5,2.4,2.9,84.2,0.4,2.3,2.7,5.4,1.5,0.9,0.1,1.4,27.5,3,0,1.8,88,185
Dewayne Dedmon,MIA,31,16,11,5,13.2,7.1,2.9,4.1,70.8,0.1,0.3,20,1.3,1.7,74.1,1.8,3.6,5.4,0.8,0.8,0.6,0.4,2.3,16.6,1,0,4.3,111,213
Didi Louzada,NOP,21,3,0,3,18.8,2.7,1,4.3,23.1,0.7,2.7,25,0,0,0,0.3,0.7,1,1,1,0.7,0,1.7,6.4,0,0,-3.7,85,196
Dillon Brooks,MEM,25,67,36,31,29.8,17.2,6.4,15.4,41.9,1.9,5.6,34.4,2.4,2.9,81.5,0.8,2.1,2.9,2.3,1.8,1.2,0.4,3.5,27.1,0,0,2.3,102,201
Domantas Sabonis,IND,25,62,29,33,36,20.3,7.8,14.6,53.5,0.8,2.6,32.1,3.9,5.3,73.2,2.4,9.5,12,6.7,3.4,1.2,0.5,3.3,46.6,48,9,-1.5,109,211
Donovan Mitchell,UTA,24,53,39,14,33.4,26.4,9,20.6,43.8,3.4,8.7,38.6,5,6,84.5,0.9,3.5,4.4,5.2,2.8,1,0.3,2.2,40.6,2,0,5.4,98,185
Donte DiVincenzo,MIL,24,66,44,22,27.5,10.4,3.8,9.1,42,2,5.2,37.9,0.8,1.1,71.8,1.2,4.5,5.8,3.1,1.4,1.1,0.2,1.7,24.5,5,0,4.6,92,193
Dorian Finney-Smith,DAL,28,60,36,24,32,9.8,3.7,7.8,47.2,2,5,39.4,0.5,0.7,75.6,1.6,3.8,5.4,1.7,0.8,0.9,0.4,2.3,22,1,0,3.3,100,201
Doug McDermott,IND,29,66,32,34,24.5,13.6,5.4,10.1,53.2,1.7,4.3,38.8,1.2,1.5,81.6,0.9,2.4,3.3,1.3,0.8,0.3,0.1,1.8,20,0,0,-0.7,102,201
Draymond Green,GSW,31,63,35,28,31.5,7,2.7,6,44.7,0.5,2,27,1.1,1.4,79.5,0.9,6.2,7.1,8.9,3,1.7,0.8,3.1,33.4,17,6,3.8,104,198
Duncan Robinson,MIA,27,72,40,32,31.4,13.1,4.4,10,43.9,3.5,8.5,40.8,0.9,1,82.7,0.1,3.4,3.5,1.8,1.1,0.6,0.3,2.5,21.4,1,0,1.6,98,201
Dwayne Bacon,ORL,25,72,21,51,25.7,10.9,4.1,10.1,40.2,0.8,2.9,28.5,2,2.4,82.4,0.4,2.7,3.1,1.3,0.6,0.6,0.1,1.4,18.1,0,0,-6.2,100,198
Dwight Howard,PHI,35,69,46,23,17.3,7,2.6,4.4,58.7,0.1,0.3,25,1.8,3,57.6,2.8,5.7,8.4,0.9,1.6,0.4,0.9,2.9,20.8,12,0,-1,120,208
Dwight Powell,DAL,29,58,36,22,16.6,5.9,2.1,3.3,61.9,0.1,0.4,23.8,1.7,2.1,78.2,1.4,2.7,4,1.1,0.7,0.6,0.5,2.3,15.1,1,0,1.3,109,208
Dylan Windler,CLE,24,31,11,20,16.5,5.2,1.8,4.2,43.8,0.8,2.5,33.8,0.7,0.9,77.8,0.6,2.8,3.5,1.1,1,0.6,0.4,1.2,12.9,1,0,-2,89,198
Edmond Sumner,IND,25,53,23,30,16.2,7.5,2.8,5.3,52.5,0.7,1.7,39.8,1.3,1.6,81.9,0.3,1.4,1.8,0.9,1,0.6,0.2,1.7,12.5,0,0,-0.6,89,193
Elfrid Payton,NYK,27,63,36,27,23.6,10.1,4.3,9.9,43.2,0.4,1.6,28.6,1.2,1.7,68.2,1,2.4,3.4,3.2,1.6,0.7,0.1,1.8,20.1,0,0,-1.6,88,191
Elijah Bryant,MIL,26,1,0,1,31.6,16,6,13,46.2,1,5,20,3,3,100,2,4,6,3,4,0,1,4,26.7,0,0,11,95,196
Elijah Hughes,UTA,23,18,14,4,3.5,1.7,0.6,1.7,33.3,0.4,1.3,34.8,0.2,0.2,75,0.1,0.4,0.5,0.3,0.3,0.1,0.1,0.1,2.8,0,0,-2.1,98,196
Eric Bledsoe,NOP,31,71,31,40,29.7,12.2,4.3,10.3,42.1,1.7,5,34.1,1.9,2.7,68.7,0.4,3,3.4,3.8,1.6,0.8,0.3,1.6,23.8,4,0,-0.9,97,185
Eric Gordon,HOU,32,27,10,17,29.2,17.8,5.9,13.6,43.3,2.6,7.8,32.9,3.5,4.2,82.5,0.3,1.9,2.1,2.6,1.9,0.5,0.5,1.6,25.4,0,0,-2.5,98,191
Eric Paschall,GSW,24,40,20,20,17.4,9.5,3.7,7.5,49.7,0.5,1.4,33.3,1.7,2.4,71.3,0.7,2.5,3.2,1.3,1.1,0.3,0.2,1.7,15.6,0,0,-2.8,116,198
Ersan Ilyasova,UTA,34,17,14,3,8.7,3.8,1.2,3.2,38.9,1.1,2.4,43.9,0.3,0.3,100,0.4,1.3,1.7,0.2,0.5,0.6,0.2,1.7,8,0,0,0.9,107,206
E'Twaun Moore,PHX,32,27,20,7,14.4,4.9,2,4.5,45.5,0.4,1.3,31.4,0.4,0.5,85.7,0.5,1.1,1.7,1.5,0.9,0.6,0.2,1.2,10.5,0,0,0.3,87,191
Evan Fournier,BOS,28,42,18,24,30,17.1,5.9,12.9,45.7,2.8,6.7,41.3,2.6,3.3,78.8,0.2,2.8,3,3.4,1.7,1.1,0.5,2.3,28.9,0,0,-0.8,93,201
Facundo Campazzo,DEN,30,65,43,22,21.9,6.1,1.8,4.8,38.1,1.2,3.3,35.2,1.2,1.4,87.9,0.3,1.7,2.1,3.6,1.1,1.2,0.2,2,17.1,1,0,1.2,88,178
Frank Jackson,DET,23,40,13,27,18.5,9.8,3.4,7.3,45.7,1.5,3.8,40.7,1.5,1.9,81.3,0.4,1.8,2.2,0.9,0.9,0.4,0,1.3,14,0,0,-0.3,93,191
Frank Kaminsky,PHX,28,47,33,14,15.2,6.6,2.6,5.5,47.1,0.7,1.8,36.5,0.8,1.3,61.7,0.8,3.2,4,1.7,0.5,0.3,0.4,1.5,15.4,2,0,1.2,109,213
Frank Mason,ORL,27,4,1,3,19.8,6.3,2.3,6,37.5,0.5,1.3,40,1.3,1.8,71.4,0.8,2.3,3,3,1.3,0,0,1.8,13.1,0,0,-4.8,86,180
Frank Ntilikina,NYK,22,33,23,10,9.8,2.7,0.9,2.4,36.7,0.7,1.5,47.9,0.2,0.5,44.4,0.2,0.8,0.9,0.6,0.3,0.5,0.1,1.4,6.4,0,0,-1,91,193
Fred VanVleet,TOR,27,52,22,30,36.5,19.6,6.5,16.7,38.9,3.3,9.2,36.6,3.3,3.7,88.5,0.6,3.6,4.2,6.3,1.8,1.7,0.7,2.3,39.5,5,0,2.7,89,185
Furkan Korkmaz,PHI,23,55,39,16,19.3,9.1,3.1,7.7,40.1,1.8,4.9,37.5,1.1,1.5,73.2,0.3,1.7,2.1,1.5,0.8,0.9,0.2,1.2,16.1,0,0,2.6,92,201
Gabe Vincent,MIA,25,50,27,23,13.1,4.8,1.8,4.7,37.8,0.9,3,30.9,0.4,0.5,87,0.2,0.9,1.1,1.3,0.7,0.4,0,1.6,8.9,1,0,-1.5,91,191
Gabriel Deck,OKC,26,10,1,9,21.2,8.4,3.2,6.7,47.8,0.2,1.5,13.3,1.8,2.2,81.8,1.6,2.4,4,2.4,0.6,0.8,0,0.9,18.6,0,0,-5.1,105,198
Garrett Temple,CHI,35,56,25,31,27.3,7.6,2.8,6.8,41.5,1.2,3.6,33.5,0.7,0.9,80,0.5,2.3,2.9,2.2,1,0.8,0.5,2.3,17.2,0,0,0.9,88,196
Garrison Mathews,WAS,24,64,32,32,16.2,5.5,1.5,3.7,40.9,1.2,3.1,38.4,1.3,1.5,88.4,0.3,1.1,1.4,0.4,0.2,0.5,0.1,1.7,9.3,0,0,-2.1,98,196
Gary Clark,PHI,26,39,12,27,16.8,3.1,1,3.4,30.3,0.8,2.8,28.7,0.2,0.3,80,0.8,2.1,2.9,0.8,0.4,0.3,0.2,0.9,8.9,0,0,-2.8,102,198
Gary Harris,ORL,26,39,15,24,27.7,9.9,3.5,8.8,40,1.2,3.6,34,1.6,2,82.1,0.5,1.5,2,2,0.9,0.7,0.3,1.8,17.4,0,0,-2.1,95,193
Gary Payton II,GSW,28,10,7,3,4,2.5,1,1.3,76.9,0.2,0.4,50,0.3,0.4,75,0.2,0.9,1.1,0.1,0.1,0.6,0.1,0.8,6,0,0,0.1,88,191
Gary Trent Jr.,TOR,22,58,29,29,31.1,15.3,5.5,13.5,40.8,2.8,7.4,38.5,1.4,1.8,78.3,0.5,2.2,2.6,1.4,0.7,1,0.2,1.6,23.2,0,0,-1,95,196
George Hill,PHI,35,30,16,14,22.4,8.7,3.2,6.6,48.2,1,2.7,38.8,1.3,1.7,80,0.5,1.5,2,2.4,1,0.8,0.2,1,16.6,0,0,-0.3,85,193
Georges Niang,UTA,28,72,52,20,16,6.9,2.5,5.6,43.7,1.7,4.1,42.5,0.3,0.3,95.7,0.4,2.1,2.4,0.8,0.7,0.3,0.1,1.6,11.8,1,0,4.9,104,201
Giannis Antetokounmpo,MIL,26,61,40,21,33,28.1,10.3,18,56.9,1.1,3.6,30.3,6.5,9.5,68.5,1.6,9.4,11,5.9,3.4,1.2,1.2,2.8,53.9,41,7,6.7,110,211
Glenn Robinson III,SAC,27,23,9,14,16.1,5.3,1.8,4.3,42.4,0.7,1.9,36.4,0.9,1,91.3,0.5,1.5,2,0.9,0.5,0.2,0.1,1,9.3,0,0,-5.7,101,198
Goga Bitadze,IND,21,45,19,26,12.5,5.1,1.8,4.3,42.8,0.4,1.8,25.3,1,1.4,73.8,1.3,2,3.3,0.8,0.4,0.2,1.3,2.1,14.6,0,0,-0.4,113,211
Goran Dragic,MIA,35,50,30,20,26.7,13.4,4.8,11.1,43.2,1.8,4.9,37.3,2,2.4,82.8,0.5,2.9,3.4,4.4,2.4,0.7,0.2,2.3,24.2,1,0,0.8,86,191
Gordon Hayward,CHA,31,44,24,20,34,19.6,7.1,15,47.3,1.9,4.7,41.5,3.5,4.2,84.3,0.8,5,5.9,4.1,2.1,1.2,0.3,1.7,35.3,2,0,0.4,102,201
Gorgui Dieng,SAS,31,38,14,24,14.5,6.8,2.2,4.3,52.1,0.8,1.8,42.9,1.5,1.8,86.6,1.1,2.6,3.7,1.3,0.8,0.7,0.4,1.5,15.6,0,0,-1.8,114,208
Grant Riller,CHA,24,7,2,5,3.9,2.6,1.1,1.7,66.7,0.3,0.6,50,0,0,0,0,0.1,0.1,0.4,0.1,0.1,0,0,3.7,0,0,-0.6,86,188
Grant Williams,BOS,22,63,30,33,18.1,4.7,1.7,3.9,43.7,0.8,2,37.2,0.5,0.8,58.8,0.8,2.1,2.8,1,0.9,0.5,0.4,2.6,11.4,0,0,-0.8,107,198
Grayson Allen,MEM,25,50,26,24,25.2,10.6,3.5,8.3,41.8,2.1,5.5,39.1,1.6,1.8,86.8,0.4,2.8,3.2,2.2,1,0.9,0.2,1.4,20,0,0,0.2,90,193
Hamidou Diallo,DET,22,52,18,34,23.6,11.6,4.3,9,47.7,0.5,1.6,34.1,2.5,3.8,64,1.1,4.1,5.2,1.9,1.5,0.8,0.5,2.6,23.1,7,0,-3.7,92,196
Harrison Barnes,SAC,29,58,25,33,36.2,16.1,5.5,11.1,49.7,1.7,4.4,39.1,3.4,4.1,83,1.1,5.5,6.6,3.5,1.6,0.7,0.2,1.3,30.4,6,0,-1,102,203
Harry Giles III,POR,23,38,23,15,9.2,2.8,1.1,2.6,43.3,0.2,0.6,34.8,0.4,0.7,59.3,0.8,2.7,3.5,0.8,0.5,0.2,0.3,1.4,9.3,0,0,-2.1,109,211
Henry Ellenson,TOR,24,2,0,2,19.2,7.5,2.5,7,35.7,1,4.5,22.2,1.5,2,75,1.5,4.5,6,2.5,0,0,0,3.5,18.5,0,0,3.5,109,208
Ignas Brazdeikis,ORL,22,13,3,10,19.1,7,2.7,6.4,42.2,0.8,2.2,39.3,0.8,1.1,71.4,0.8,2.6,3.5,1.3,0.9,0.3,0.2,1.7,13.8,0,0,-2.1,100,198
Immanuel Quickley,NYK,22,64,37,27,19.4,11.4,3.6,9.1,39.5,1.8,4.7,38.9,2.4,2.7,89.1,0.4,1.8,2.1,2,0.9,0.5,0.2,1.8,18,0,0,2.8,86,191
Isaac Bonga,WAS,21,40,16,24,10.8,2,0.8,2,37,0.3,1.2,27.7,0.1,0.2,62.5,0.5,1.2,1.7,0.6,0.6,0.3,0.2,1.6,5.7,0,0,-0.9,82,203
Isaac Okoro,CLE,20,67,20,47,32.4,9.6,3.5,8.3,42,0.9,3.2,29,1.7,2.3,72.6,1,2.1,3.1,1.9,1.3,0.9,0.4,2.8,18.8,1,0,-6.1,102,196
Isaiah Joe,PHI,21,41,22,19,9.3,3.7,1.2,3.2,36.1,1,2.6,36.8,0.4,0.6,75,0.1,0.7,0.9,0.5,0.3,0.3,0.1,0.8,6.4,0,0,0,75,193
Isaiah Roby,OKC,23,61,19,42,23.4,8.7,3.4,7,48.3,0.5,1.8,29.4,1.4,1.9,74.4,1.5,4.1,5.6,1.8,1.9,0.9,0.6,2.7,20.6,3,0,-7.2,104,203
Isaiah Stewart,DET,20,68,20,48,21.4,7.9,3.3,6,55.3,0.3,0.9,33.3,0.9,1.4,69.6,2.3,4.3,6.7,0.9,1,0.6,1.3,2.7,21.7,8,0,-0.9,113,203
Isaiah Thomas,NOP,32,3,1,2,16.1,7.7,3,9,33.3,1,4,25,0.7,0.7,100,0.3,1,1.3,1.7,2,0.3,0,1,10.8,0,0,2.7,84,175
Ish Smith,WAS,32,44,23,21,21,6.7,2.9,6.8,43.4,0.4,1.1,36.7,0.4,0.8,57.6,0.5,2.9,3.4,3.9,0.9,0.7,0.3,1.4,18.8,0,0,1.2,79,183
Ja Morant,MEM,21,63,33,30,32.6,19.1,6.8,15.2,44.9,1.2,3.8,30.3,4.3,5.9,72.8,0.9,3.1,4,7.4,3.2,0.9,0.2,1.4,35.1,14,1,1.7,79,191
Jabari Parker,BOS,26,13,4,9,12.7,5.5,2.3,4.2,54.5,0.2,0.8,18.2,0.8,1,76.9,0.8,2.5,3.2,0.8,0.8,0.1,0.4,1,11.3,0,0,-1.1,111,203
Jaden McDaniels,MIN,20,63,18,45,24,6.8,2.6,5.8,44.7,1.1,3.1,36.4,0.4,0.7,60,0.8,2.9,3.7,1.1,0.7,0.6,1,2.7,16.7,0,0,-1.6,84,206
Jae Crowder,PHX,30,60,42,18,27.5,10.1,3.3,8.2,40.4,2.5,6.3,38.9,1,1.3,76,0.5,4.2,4.7,2.1,0.9,0.8,0.5,2.1,21.7,0,0,3.6,107,198
Jae'Sean Tate,HOU,25,70,17,53,29.2,11.3,4.5,8.9,50.6,0.9,2.8,30.8,1.5,2.1,69.4,1.9,3.5,5.3,2.5,1.4,1.2,0.5,3.2,25.4,3,0,-2.7,104,193
Jahlil Okafor,DET,25,27,5,22,12.9,5.4,2.3,3.8,61.8,0.1,0.3,22.2,0.6,0.9,70.8,0.9,1.6,2.4,0.5,0.8,0.2,0.2,1.4,9.5,0,0,-3.1,122,208
Jahmi'us Ramsey,SAC,20,13,5,8,7.3,3.1,1.2,2.9,39.5,0.4,1.5,26.3,0.4,0.4,100,0.2,0.6,0.8,0.5,0.2,0.3,0.1,0.6,5.6,0,0,0.2,86,191
JaKarr Sampson,IND,28,29,14,15,10.9,4.6,1.9,3.9,49.6,0.1,0.5,20,0.7,1,65.5,0.9,1.7,2.7,0.1,0.5,0.1,0.5,1.8,9.2,0,0,0.1,97,201
Jake Layman,MIN,27,45,12,33,13.9,5.1,2,4.1,49.5,0.5,1.7,29.5,0.6,0.8,70.3,0.3,1.2,1.5,0.6,0.6,0.6,0.4,1,10.5,0,0,-1.8,95,203
Jalen Brunson,DAL,24,68,40,28,25,12.6,4.8,9.2,52.3,1.2,2.9,40.5,1.8,2.2,79.5,0.4,3,3.4,3.5,1.2,0.5,0,1.6,22.4,1,0,2.4,86,185
Jalen Harris,TOR,22,13,3,10,13.2,7.4,2.8,5.5,50,1.3,2.8,47.2,0.5,0.7,77.8,0.2,1.2,1.4,1.3,1.1,0.6,0,1.2,11.8,0,0,-0.1,88,196
Jalen McDaniels,CHA,23,47,18,29,19.2,7.4,2.8,6,46.8,0.7,2.2,33.3,1,1.4,70.3,1,2.6,3.6,1.1,1,0.6,0.4,2,15.4,2,0,-3.8,93,206
Jalen Smith,PHX,21,27,19,8,5.8,2,0.8,1.9,44,0.1,0.6,23.5,0.2,0.3,71.4,0.3,1.1,1.4,0.1,0.3,0,0.1,0.6,4.1,1,0,-0.6,98,208
Jamal Murray,DEN,24,48,31,17,35.5,21.2,7.9,16.5,47.7,2.7,6.6,40.8,2.8,3.2,86.9,0.8,3.3,4,4.8,2.3,1.3,0.3,2,35.8,1,0,6.3,98,191
James Ennis III,ORL,30,41,12,29,24.1,8.4,2.8,5.9,47.3,1.1,2.5,43.3,1.7,2.1,80.5,1,3,4,1.5,0.9,0.8,0.2,2,17.5,1,0,-1.8,98,198
James Harden,BKN,31,44,31,13,36.6,24.6,7.8,16.7,46.6,2.8,7.6,36.2,6.3,7.3,86.1,0.8,7.1,7.9,10.8,4,1.2,0.8,2.3,52.1,32,12,2.3,100,196
James Johnson,NOP,34,51,21,30,20.5,7.2,2.9,6.4,44.6,0.6,2.4,25.8,0.9,1.5,59.2,0.6,2.8,3.5,1.9,1.1,0.8,0.8,2.4,18.1,0,0,-2.5,109,201
James Nunnally,NOP,30,9,3,6,5.3,1.7,0.6,1.4,38.5,0.4,1.3,33.3,0.1,0.2,50,0.2,0.8,1,0.3,0.2,0,0,0.1,3.1,0,0,-0.4,93,201
James Wiseman,GSW,20,39,18,21,21.4,11.5,4.9,9.4,51.9,0.3,1,31.6,1.4,2.2,62.8,1.4,4.4,5.8,0.7,1.5,0.3,0.9,3.1,21.5,3,0,-4.7,109,213
JaMychal Green,DEN,31,58,38,20,19.3,8.1,3,6.4,46.3,1.4,3.4,39.9,0.8,1,80.7,1.5,3.3,4.8,0.9,0.9,0.4,0.4,2.5,16.8,1,0,1.7,103,203
Jared Dudley,LAL,35,12,7,5,6.7,0.5,0.2,0.8,22.2,0.2,0.5,33.3,0,0,0,0.3,1.4,1.8,0.4,0.2,0.1,0.1,0.6,3.6,0,0,0.2,108,198
Jaren Jackson Jr.,MEM,21,11,4,7,23.5,14.4,4.8,11.4,42.4,1.5,5.5,28.3,3.2,3.8,83.3,1.5,4.1,5.6,1.1,1.4,1.1,1.6,3.8,29.6,0,0,-5.8,110,211
Jarrell Brantley,UTA,25,28,23,5,4.9,2.3,0.9,1.9,48.1,0.4,1,42.9,0.1,0.1,100,0.3,0.6,1,0.5,0.3,0.3,0.1,0.6,4.9,0,0,-0.9,113,196
Jarrett Allen,CLE,23,63,20,43,29.6,12.8,4.7,7.7,61.8,0.1,0.3,31.6,3.2,4.6,70.3,3.1,6.9,10,1.7,1.6,0.5,1.4,1.5,31.6,25,0,-3.2,110,211
Jarrett Culver,MIN,22,34,7,27,14.7,5.3,2,4.9,41.1,0.4,1.6,24.5,0.9,1.4,60.4,1,2.1,3.1,0.7,0.8,0.5,0.3,1.7,11.5,1,0,-3.9,88,198
JaVale McGee,DEN,33,46,21,25,14.7,7.3,3.1,6.1,51.1,0.1,0.5,20.8,1,1.5,65.7,1.7,3.5,5.2,0.8,1.3,0.4,1.2,2.6,18.3,1,0,-1.9,122,213
Javonte Green,CHI,27,41,19,22,11.6,3.6,1.3,2.5,52,0.2,0.7,33.3,0.7,1,75,0.6,1.1,1.7,0.4,0.5,0.7,0.1,1.1,8.3,0,0,0.4,93,193
Jaxson Hayes,NOP,21,60,24,36,16.1,7.5,2.9,4.7,62.5,0.1,0.2,42.9,1.6,2,77.5,1.5,2.8,4.3,0.6,0.7,0.4,0.6,1.7,16,0,0,-0.4,100,211
Jay Scrubb,LAC,20,4,2,2,21,8.8,3.5,9,38.9,0.5,2.3,22.2,1.3,1.3,100,0.5,3,3.5,0.3,1.8,1,0,1.3,14.6,0,0,0.5,100,196
Jaylen Brown,BOS,24,58,30,28,34.5,24.7,9.3,19.2,48.4,2.8,7.1,39.7,3.3,4.3,76.4,1.2,4.8,6,3.4,2.7,1.2,0.6,2.9,39.5,10,0,1.2,101,198
Jaylen Nowell,MIN,21,42,10,32,18.1,9,3.4,8,42.4,1.2,3.6,33.3,1.1,1.3,81.8,0.5,1.8,2.3,1.5,0.7,0.5,0.3,1.7,15.7,0,0,-2.4,91,193
Jayson Tatum,BOS,23,64,34,30,35.8,26.4,9.5,20.6,45.9,2.9,7.6,38.6,4.6,5.3,86.8,0.8,6.6,7.4,4.3,2.7,1.2,0.5,1.9,44.1,15,1,2.5,95,203
Jeff Green,BKN,34,68,44,24,27,11,3.8,7.8,49.2,1.5,3.7,41.2,1.8,2.4,77.6,0.5,3.4,3.9,1.6,0.8,0.5,0.4,1.8,20,0,0,1.7,107,203
Jeff Teague,MIL,33,55,27,28,17.3,6.7,2.2,5.2,43.3,0.7,1.5,43.9,1.6,1.9,84.8,0.3,1.3,1.6,2.4,1.2,0.6,0.2,1,13.6,0,0,1,88,191
Jerami Grant,DET,27,54,15,39,33.9,22.3,7.4,17.3,42.9,2.1,6.1,35,5.4,6.4,84.5,0.6,4,4.6,2.8,2,0.6,1.1,2.3,35.2,3,0,-2.2,95,203
Jeremiah Martin,CLE,25,9,0,9,8.4,2.4,1,3.7,27.3,0.3,1.3,25,0.1,0.6,20,0.2,0.6,0.8,0.4,0.7,0.6,0.2,0.1,5.7,0,0,-2.9,84,188
Jeremy Lamb,IND,29,36,16,20,21.3,10.1,3.3,7.7,43.5,1.4,3.6,40.6,2,2.1,94.7,0.7,2.9,3.6,1.5,0.6,0.9,0.6,2,20.8,0,0,-0.4,82,196
Jerome Robinson,WAS,24,17,5,12,17.9,4.9,1.6,5.6,29.5,0.6,2.5,26.2,0.9,1.2,80,0.2,2,2.2,1.5,1.1,0.7,0.4,1.8,11.8,0,0,-5.9,86,193
Jevon Carter,PHX,25,60,42,18,11.9,4.1,1.6,3.7,42.2,0.9,2.5,37.1,0.1,0.1,57.1,0.3,1.3,1.5,1.2,0.3,0.5,0.2,0.9,9.4,1,0,0.5,91,185
Jimmy Butler,MIA,31,52,33,19,33.6,21.5,7,14.2,49.7,0.5,2,24.5,6.9,8,86.3,1.8,5.1,6.9,7.1,2.1,2.1,0.3,1.4,45.6,17,4,3.8,104,201
JJ Redick,DAL,37,44,22,22,16.4,7.4,2.4,6.1,39.7,1.5,4,37.1,1.1,1.2,94.2,0.1,1.4,1.5,1.2,0.8,0.3,0.1,1.1,11.1,0,0,0,91,191
Joe Harris,BKN,29,69,45,24,31,14.1,5.2,10.2,50.5,3.1,6.4,47.5,0.7,0.9,77.8,0.6,3,3.6,1.9,0.9,0.7,0.2,2,23,0,0,5.1,100,198
Joe Ingles,UTA,33,67,47,20,27.9,12.1,4.1,8.4,48.9,2.7,6.1,45.1,1.1,1.3,84.4,0.4,3.2,3.6,4.7,1.7,0.7,0.2,1.8,24.4,2,0,6.8,100,203
Joel Embiid,PHI,27,51,39,12,31.1,28.5,9,17.6,51.3,1.1,3,37.7,9.2,10.7,85.9,2.2,8.4,10.6,2.8,3.1,1,1.4,2.4,49.3,31,0,7.9,127,213
John Collins,ATL,23,63,34,29,29.3,17.6,6.8,12.2,55.6,1.3,3.3,39.9,2.7,3.2,83.3,1.9,5.5,7.4,1.2,1.3,0.5,1,3.1,31.7,16,0,2.9,107,206
John Konchar,MEM,25,43,23,20,13.4,4.3,1.6,3.2,50,0.5,1.3,37.5,0.6,0.7,83.3,0.8,2.2,3,1.1,0.4,0.7,0.2,0.9,11.8,0,0,0.4,95,196
John Wall,HOU,30,40,12,28,32.2,20.6,7.3,18.2,40.4,2,6.2,31.7,4,5.3,74.9,0.4,2.8,3.2,6.9,3.5,1.1,0.8,1.2,36.7,7,1,-4.2,95,191
Jonas Valanciunas,MEM,29,62,32,30,28.3,17.1,7.1,12,59.2,0.3,0.9,36.8,2.5,3.3,77.3,4.1,8.4,12.5,1.8,1.6,0.6,0.9,2.9,37.6,49,0,2.2,120,211
Jontay Porter,MEM,21,11,7,4,4.9,2,0.7,1.4,53.3,0.3,0.7,37.5,0.3,0.5,60,0.4,0.9,1.3,0.1,0.6,0.3,0.1,1.1,4.1,0,0,0.1,109,211
Jordan Bone,ORL,23,14,2,12,14,4,1.6,3.9,42.6,0.7,2.3,31.3,0,0,0,0.3,1.4,1.7,1.3,0.2,0.1,0,0.8,8.2,0,0,-4.2,82,188
Jordan Clarkson,UTA,29,68,49,19,26.7,18.4,6.7,15.8,42.5,3.1,8.8,34.7,1.9,2.1,89.6,0.7,3.3,4,2.5,1.7,0.9,0.1,1.6,28.4,0,0,4.4,88,193
Jordan McLaughlin,MIN,25,51,15,36,18.4,5,2,4.7,41.3,0.6,1.8,35.9,0.5,0.6,76.7,0.4,1.7,2.1,3.8,1,1,0.1,0.9,15.6,0,0,-2.6,84,180
Jordan Nwora,MIL,22,30,19,11,9.1,5.7,2.1,4.5,45.9,0.9,2.1,45.2,0.6,0.8,76,0.3,1.7,2,0.2,0.8,0.6,0.3,0.7,10.2,2,0,-0.1,102,203
Jordan Poole,GSW,22,51,28,23,19.4,12,4,9.3,43.2,1.9,5.4,35.1,2.1,2.3,88.2,0.3,1.5,1.8,1.9,1,0.5,0.2,1.7,18.1,0,0,0.6,88,193
Josh Green,DAL,20,39,20,19,11.4,2.6,1.1,2.4,45.2,0.1,0.6,16,0.3,0.6,56.5,0.7,1.3,2,0.7,0.4,0.4,0.1,0.9,7.1,0,0,0.4,91,196
Josh Hall,OKC,20,21,2,19,16,4.1,1.4,4.7,30.3,0.2,1.8,10.8,1,2.1,50,0.3,2.5,2.8,1.3,1.2,0.2,0,1.8,9,1,0,-4.8,86,206
Josh Hart,NOP,26,47,21,26,28.7,9.2,3.2,7.3,43.9,1.3,4.1,32.6,1.5,1.9,77.5,1.1,6.9,8,2.3,1,0.8,0.3,2.4,24.5,7,0,0,98,196
Josh Jackson,DET,24,62,16,46,25.2,13.4,4.8,11.4,41.9,1.2,4.1,30,2.6,3.5,72.9,0.9,3.2,4.1,2.3,2.3,0.9,0.8,2.9,24.3,2,0,-2,94,203
Josh Okogie,MIN,22,59,21,38,20.3,5.4,1.7,4.3,40.2,0.5,1.8,26.9,1.4,1.8,76.9,1.1,1.6,2.6,1.1,0.7,0.9,0.5,2.1,13.6,0,0,-3.3,97,193
Josh Richardson,DAL,27,59,35,24,30.3,12.1,4.5,10.5,42.7,1.5,4.5,33,1.7,1.8,91.7,0.9,2.4,3.3,2.6,1.3,1,0.4,2.2,23,0,0,-0.8,91,196
Jrue Holiday,MIL,31,59,41,18,32.3,17.7,7,13.9,50.3,1.9,4.8,39.2,1.8,2.3,78.7,1.2,3.3,4.5,6.1,2.2,1.6,0.6,1.7,36.9,10,0,6.4,93,191
Juan Toscano-Anderson,GSW,28,53,28,25,20.9,5.7,2.3,3.9,57.9,0.7,1.7,40.2,0.4,0.6,71,0.5,3.9,4.4,2.8,1.2,0.8,0.5,2.1,17.9,0,0,1.8,95,198
Juancho Hernangomez,MIN,25,52,19,33,17.3,7.2,2.5,5.8,43.5,1.1,3.2,32.7,1.2,1.9,61.9,0.9,3.1,3.9,0.7,0.5,0.4,0.1,1,13.9,0,0,-1.4,97,206
Julius Randle,NYK,26,71,40,31,37.6,24.1,8.5,18.6,45.6,2.3,5.5,41.1,4.9,6,81.1,1.2,9,10.2,6,3.4,0.9,0.3,3.2,45.4,41,6,2.2,113,203
Justin Holiday,IND,32,72,34,38,30.3,10.5,3.6,8.7,41.3,2.4,6.3,38.2,0.9,1.2,78.8,0.4,3.1,3.6,1.7,0.8,1,0.6,1.9,21.3,0,0,-0.6,82,198
Justin Jackson,MIL,26,34,12,22,17,7.2,2.6,6.5,40.3,1.1,3.4,30.8,0.9,1.1,83.8,0.5,1.8,2.3,1.5,0.9,0.4,0.1,0.9,12.8,0,0,-1.2,100,203
Justin James,SAC,24,36,15,21,8.6,3.9,1.4,3.1,46.8,0.4,1.1,36.8,0.6,1,58.3,0.3,0.6,0.8,0.6,0.4,0.2,0.1,0.6,6.3,0,0,-1.6,86,201
Justin Patton,HOU,24,13,1,12,19,5.4,2.2,5.4,41.4,0.7,2.6,26.5,0.2,0.3,75,1.1,2.7,3.8,1.1,0.3,0.9,1.1,2.6,17.2,0,0,-6.2,109,211
Justin Robinson,OKC,23,9,0,9,9.7,2.3,0.8,2.3,33.3,0.4,1.6,28.6,0.3,0.6,60,0.1,0.7,0.8,1,0.2,0.3,0,1.1,5.5,0,0,-5,88,185
Justise Winslow,MEM,25,26,13,13,19.5,6.8,2.8,8.1,35.2,0.4,2.1,18.5,0.8,1.3,57.1,0.7,3.8,4.5,1.9,1.4,0.6,0.5,1.8,16.9,1,0,-3,101,198
Jusuf Nurkic,POR,26,37,22,15,23.8,11.5,4.6,9,51.4,0.3,0.8,40,1.9,3.1,61.9,2.3,6.6,9,3.4,2,1,1.1,2.8,31.6,13,0,3.4,132,211
Juwan Morgan,UTA,24,29,24,5,5.1,1.2,0.5,1,46.7,0.1,0.4,30.8,0.1,0.2,42.9,0.3,0.7,1,0.3,0.1,0.1,0,0.7,3.2,0,0,-3.7,105,201
Karim Mane,ORL,21,10,2,8,8.8,1.1,0.3,1.3,23.1,0.1,0.2,50,0.4,0.5,80,0.1,1.3,1.4,0.4,0.3,0,0.2,1,3.7,0,0,-2.2,86,191
Karl-Anthony Towns,MIN,25,50,19,31,33.8,24.8,8.5,17.5,48.6,2.4,6.3,38.7,5.3,6.2,85.9,2.7,7.9,10.6,4.5,3.2,0.8,1.1,3.7,46.8,33,0,0.2,112,211
Kawhi Leonard,LAC,30,52,36,16,34.1,24.8,8.9,17.5,51.2,1.9,4.9,39.8,5,5.7,88.5,1.1,5.4,6.5,5.2,2,1.6,0.4,1.6,44.2,9,0,8.6,102,201
Keita Bates-Diop,SAS,25,30,13,17,8.2,2.6,1,2.2,44.8,0.2,0.6,29.4,0.5,0.7,66.7,0.3,1.3,1.6,0.4,0.2,0.4,0.2,0.4,6.6,0,0,-1.2,104,203
Kelan Martin,IND,25,35,16,19,9.2,4.5,1.8,3.9,44.9,0.7,1.7,40,0.3,0.3,90,0.5,1.7,2.2,0.5,0.5,0.3,0.3,1,9.1,0,0,2.7,104,196
Keldon Johnson,SAS,21,69,32,37,28.5,12.8,4.9,10.2,47.9,0.9,2.6,33.1,2.1,2.8,74,1.3,4.6,6,1.8,1.1,0.6,0.3,2.1,24.2,8,0,-2.5,100,196
Keljin Blevins,POR,25,17,11,6,4.4,0.7,0.3,1.2,25,0.1,0.5,25,0,0,0,0.2,0.4,0.6,0.2,0.3,0.1,0,0.5,1.8,0,0,-2.2,91,193
Kelly Olynyk,HOU,30,70,26,44,28.5,13.5,4.8,10,48.4,1.8,5.3,34.2,2.1,2.5,82.9,1.2,5.7,7,2.9,1.8,1.1,0.6,3,29.6,12,0,-1.4,109,211
Kelly Oubre Jr.,GSW,25,55,27,28,30.7,15.4,5.8,13.2,43.9,1.6,5.2,31.6,2.2,3.2,69.5,1.5,4.5,6,1.3,1.3,1,0.8,2.2,28.7,6,0,-3.5,92,201
Kemba Walker,OKC,31,43,22,21,31.8,19.3,6.6,15.7,42,3,8.2,36,3.1,3.5,89.9,0.4,3.6,4,4.9,2,1.1,0.3,1.4,33.6,0,0,2.2,83,183
Kendrick Nunn,MIA,25,56,31,25,29.5,14.6,5.7,11.8,48.5,2.2,5.7,38.1,1,1.1,93.3,0.4,2.8,3.2,2.6,1.4,0.9,0.3,1.9,24.5,0,0,-0.1,86,188
Kenrich Williams,OKC,26,66,21,45,21.6,8,3.3,6.2,53.3,0.8,1.8,44.4,0.5,1,57.1,1.3,2.9,4.1,2.3,1.2,0.8,0.3,2.2,18.5,0,0,-2.7,95,198
Kent Bazemore,GSW,31,67,35,32,19.9,7.2,2.6,5.9,44.9,1.1,2.7,40.8,0.8,1.2,69.2,0.4,3,3.4,1.6,1.2,1,0.5,2.4,17,1,0,2.5,88,193
Kentavious Caldwell-Pope,LAL,28,67,39,28,28.4,9.7,3.3,7.6,43.1,1.8,4.4,41,1.4,1.7,86.6,0.4,2.3,2.7,1.9,1,0.9,0.4,1.7,18.8,1,0,2.1,93,196
Kenyon Martin Jr.,HOU,20,45,10,35,23.7,9.3,3.6,7.1,50.9,0.8,2.1,36.5,1.3,1.9,71.4,1.6,3.8,5.4,1.1,0.8,0.7,0.9,2,21.3,4,0,-6.3,98,198
Kevin Durant,BKN,32,35,23,12,33.1,26.9,9.3,17.2,53.7,2.4,5.4,45,6,6.8,88.2,0.4,6.7,7.1,5.6,3.4,0.7,1.3,2,46.3,12,0,8,109,208
Kevin Huerter,ATL,22,69,40,29,30.8,11.9,4.6,10.6,43.2,2,5.6,36.3,0.7,0.9,78.1,0.6,2.8,3.3,3.5,1.1,1.2,0.3,2.4,24.4,3,0,1,86,201
Kevin Knox II,NYK,21,42,26,16,11.1,3.9,1.3,3.4,39.2,0.8,2.1,39.3,0.4,0.5,80,0.2,1.2,1.5,0.5,0.4,0.3,0.1,0.9,7.2,0,0,-0.8,98,201
Kevin Love,CLE,32,25,7,18,24.9,12.2,4.1,10.1,40.9,2.3,6.2,36.5,1.7,2,82.4,0.7,6.8,7.4,2.5,1.5,0.6,0.1,1,25.5,5,0,-2.9,114,203
Kevin Porter Jr.,HOU,21,26,4,22,32.1,16.6,6,14.1,42.5,1.9,6.2,31.1,2.7,3.6,73.4,0.8,3,3.8,6.3,3.5,0.7,0.3,2.3,30.2,4,0,-8.6,92,193
Kevon Looney,GSW,25,61,34,27,19,4.1,1.8,3.2,54.8,0.1,0.3,23.5,0.5,0.8,64.6,1.9,3.4,5.3,2,0.6,0.3,0.4,2.2,14.9,0,0,2.1,101,206
Khem Birch,TOR,28,67,23,44,22.8,7.2,2.8,5.7,49.7,0.2,0.8,25,1.4,1.9,70.5,2.6,3.2,5.8,1.3,0.7,0.7,0.7,1.7,19.8,6,0,-1.9,106,206
Khris Middleton,MIL,29,68,45,23,33.4,20.4,7.5,15.8,47.6,2.2,5.4,41.4,3.1,3.5,89.8,0.8,5.2,6,5.4,2.6,1.1,0.1,2.4,36.7,10,0,4.3,101,201
Khyri Thomas,HOU,25,5,1,4,30.6,16.4,6.4,13.2,48.5,1.8,5.4,33.3,1.8,1.8,100,1.4,2.2,3.6,5,1.2,1.8,1.2,1.6,36,0,0,2.8,95,191
Killian Hayes,DET,19,26,6,20,25.8,6.8,2.7,7.7,35.3,0.8,2.8,27.8,0.5,0.7,82.4,0.2,2.4,2.7,5.3,3.2,1,0.4,2.2,19,0,0,-5,88,196
Killian Tillie,MEM,23,18,11,7,10.1,3.2,1.1,3.2,33.3,0.6,1.8,30.3,0.5,0.6,81.8,0.3,1,1.3,0.4,0.1,0.3,0.4,1.1,7.5,0,0,2.2,100,206
Kira Lewis Jr.,NOP,20,54,23,31,16.7,6.4,2.4,6.2,38.6,0.7,2.2,33.3,0.8,0.9,84.3,0.2,1.1,1.3,2.3,0.6,0.7,0.2,1.6,13.4,0,0,0.4,77,185
Kristaps Porzingis,DAL,25,43,26,17,30.9,20.1,7.6,15.9,47.6,2.3,6,37.6,2.7,3.2,85.5,1.9,7,8.9,1.6,1.2,0.5,1.3,2.7,37.4,16,0,0.2,109,221
Kyle Anderson,MEM,27,69,36,33,27.4,12.4,4.5,9.5,46.8,1.4,3.8,36,2.1,2.7,78.3,0.8,5,5.7,3.6,1.2,1.2,0.8,1.7,29.6,3,0,0.7,104,206
Kyle Guy,SAC,23,31,11,20,7.6,2.8,0.9,2.8,33,0.4,1.5,28.3,0.5,0.6,80,0.2,1,1.1,1,0.4,0.2,0,0.6,5.9,0,0,-0.5,76,185
Kyle Kuzma,LAL,25,68,40,28,28.7,12.9,4.9,11.1,44.3,2,5.6,36.1,1,1.4,69.1,1.6,4.5,6.1,1.9,1.7,0.5,0.6,1.8,24.7,13,0,0,100,208
Kyle Lowry,TOR,35,46,15,31,34.8,17.2,5.7,13,43.6,2.8,7.2,39.6,3,3.5,87.5,0.8,4.6,5.4,7.3,2.7,1,0.3,3.1,35.8,9,2,-0.1,89,183
Kyrie Irving,BKN,29,54,36,18,34.9,26.9,10.2,20.1,50.6,2.8,7,40.2,3.7,4,92.2,1,3.8,4.8,6,2.4,1.4,0.7,2.6,45.5,8,0,4.2,88,188
KZ Okpala,MIA,22,37,22,15,12.1,2.5,1,2.6,37.5,0.3,1.4,24,0.2,0.4,53.3,0.6,1.3,1.8,0.5,0.4,0.3,0.3,1.6,6.8,0,0,-1.8,98,203
Lamar Stevens,CLE,23,40,13,27,12.5,4.1,1.6,3.4,45.6,0.1,0.6,16,0.9,1.3,72.5,0.6,1.8,2.4,0.6,0.6,0.4,0.3,1.3,9.6,1,0,-2.9,104,198
LaMarcus Aldridge,BKN,35,26,15,11,25.9,13.5,5.4,11.4,47.3,1.2,3.1,38.8,1.6,1.8,87.2,0.7,3.8,4.5,1.9,1,0.4,1.1,1.8,25.4,1,0,-1.3,113,211
LaMelo Ball,CHA,19,51,23,28,28.8,15.7,5.7,13.2,43.6,1.8,5.1,35.2,2.5,3.2,75.8,1.2,4.7,5.9,6.1,2.8,1.6,0.4,2.7,35,7,1,-1.6,82,198
Landry Shamet,BKN,24,61,39,22,23,9.3,3,7.5,40.8,2.1,5.5,38.7,1.1,1.3,84.6,0.2,1.7,1.8,1.6,0.8,0.5,0.2,1.5,15.2,0,0,0.9,86,193
Langston Galloway,PHX,29,40,29,11,10.9,4.8,1.7,3.7,44.9,0.9,2.1,42.4,0.6,0.6,95.7,0.2,0.9,1.1,0.7,0.3,0.2,0,0.6,7.3,0,0,0.9,91,185
Larry Nance Jr.,CLE,28,35,13,22,31.2,9.3,3.7,7.8,47.1,1.2,3.3,36,0.9,1.4,61.2,1.5,5.2,6.7,3.1,1.6,1.7,0.5,2.1,27.1,5,0,-3.9,111,201
Lauri Markkanen,CHI,24,51,20,31,25.8,13.6,4.9,10.2,48,2.3,5.8,40.2,1.5,1.8,82.6,0.7,4.6,5.3,0.9,1,0.5,0.3,1.5,22.6,2,0,-0.9,109,213
LeBron James,LAL,36,45,30,15,33.4,25,9.4,18.3,51.3,2.3,6.3,36.5,4,5.7,69.8,0.6,7,7.7,7.8,3.7,1.1,0.6,1.6,47,18,5,6.4,113,206
Lonnie Walker IV,SAS,22,60,28,32,25.4,11.2,4.3,10.2,42,1.7,4.7,35.5,1,1.2,81.4,0.2,2.4,2.6,1.7,1.1,0.5,0.3,1.7,17.9,0,0,-3.5,93,193
Lonzo Ball,NOP,23,55,23,32,31.8,14.6,5.3,12.7,41.4,3.1,8.3,37.8,0.9,1.2,78.1,0.6,4.2,4.8,5.7,2.2,1.5,0.6,1.9,32.9,5,1,0.9,86,198
Lou Williams,ATL,34,66,44,22,21.6,11.3,4,9.8,41,1,2.6,39.9,2.3,2.6,86.7,0.3,1.8,2.1,3.4,1.6,0.7,0.1,0.9,19.7,2,0,1.2,79,185
Louis King,SAC,22,6,3,3,14.2,7.3,2.8,5.7,50,0.7,1.8,36.4,1,1,100,0.8,2.2,3,1.5,0.7,1.2,0.5,1.5,17.5,0,0,-0.5,93,201
Luguentz Dort,OKC,22,52,18,34,29.7,14,4.8,12.3,38.7,2.2,6.3,34.3,2.3,3.2,74.4,0.7,2.9,3.6,1.7,1.5,0.9,0.4,2.6,23.1,0,0,-4.8,98,191
Luka Doncic,DAL,22,66,40,26,34.3,27.7,9.8,20.5,47.9,2.9,8.3,35,5.2,7.1,73,0.8,7.2,8,8.6,4.3,1,0.5,2.3,50.5,26,11,2.5,104,201
Luka Samanic,SAS,21,33,14,19,9.3,3.7,1.4,3.2,44.8,0.4,1.3,27.9,0.5,0.9,55.2,0.5,1.6,2.1,0.5,0.6,0.2,0.2,1.3,7.7,0,0,-0.6,103,208
Luke Kennard,LAC,25,63,44,19,19.6,8.3,3.1,6.6,47.6,1.6,3.6,44.6,0.4,0.5,83.9,0.2,2.3,2.6,1.7,0.8,0.4,0.1,1.4,14.6,1,0,-0.4,93,196
Luke Kornet,BOS,25,31,13,18,11.2,3.4,1.4,3.3,43.6,0.5,1.9,25.4,0.1,0.2,50,0.5,1.7,2.2,0.8,0.2,0.1,1,0.6,10.4,0,0,1.7,113,218
Malachi Flynn,TOR,23,47,21,26,19.7,7.5,2.7,7.2,37.4,1.1,3.6,32.1,1,1.2,80.4,0.2,2.3,2.5,2.9,0.9,0.8,0.1,1.4,16.8,1,0,-2.1,79,185
Malcolm Brogdon,IND,28,56,27,29,34.5,21.2,7.9,17.5,45.3,2.6,6.7,38.8,2.7,3.2,86.4,1,4.2,5.3,5.9,2.1,0.9,0.3,2,37.7,6,0,-0.6,104,196
Malik Beasley,MIN,24,37,8,29,32.8,19.6,7.1,16.2,44,3.5,8.7,39.9,1.8,2.2,85,0.8,3.6,4.4,2.4,1.6,0.8,0.2,1.7,29.8,0,0,-5.3,85,193
Malik Monk,CHA,23,42,19,23,20.9,11.7,4.1,9.5,43.4,2,5,40.1,1.4,1.7,81.9,0.3,2.1,2.4,2.1,1.3,0.5,0.1,1.1,18,0,0,0.8,91,191
Mamadi Diakite,MIL,24,14,7,7,10.1,3.1,1.1,2.9,40,0.1,0.6,12.5,0.8,1,78.6,0.6,1.9,2.4,0.6,0.2,0.4,0.4,1.1,9.1,0,0,0.6,103,206
Marc Gasol,LAL,36,52,32,20,19.1,5,1.7,3.7,45.4,1,2.3,41,0.7,1,72,0.7,3.4,4.1,2.1,1,0.5,1.1,2.2,17,0,0,1.7,116,211
Marcus Morris Sr.,LAC,31,57,38,19,26.3,13.4,4.8,10.2,47.3,2.5,5.2,47.3,1.3,1.6,82,0.6,3.5,4.1,1,1,0.6,0.3,2.1,21.5,0,0,2.3,99,203
Marcus Smart,BOS,27,48,24,24,32.9,13.1,4.2,10.6,39.8,1.9,5.9,33,2.7,3.4,79,0.8,2.7,3.5,5.7,2,1.5,0.5,2.6,29.7,3,0,1.9,100,191
Markelle Fultz,ORL,23,8,6,2,26.9,12.9,5.1,13,39.4,0.5,2,25,2.1,2.4,89.5,0.6,2.5,3.1,5.4,2.3,1,0.3,2.3,26.2,1,0,-3.6,95,191
Markieff Morris,LAL,31,61,32,29,19.7,6.7,2.5,6.2,40.5,1.1,3.4,31.1,0.6,0.8,72,0.8,3.6,4.4,1.2,0.9,0.4,0.3,1.7,14.8,2,0,0.3,111,206
Markus Howard,DEN,22,37,24,13,5.5,2.8,1.1,2.9,37.7,0.5,1.8,27.7,0.2,0.2,77.8,0,0.5,0.6,0.5,0.5,0.1,0,0.6,4.2,0,0,-1.9,79,178
Marquese Chriss,GSW,23,2,0,2,13.4,6.5,2.5,7,35.7,0.5,2.5,20,1,2,50,1.5,5,6.5,1,1,0,1,1.5,17.8,0,0,-12.5,109,206
Marvin Bagley III,SAC,22,43,20,23,25.9,14.1,5.7,11.4,50.4,0.9,2.5,34.3,1.8,3.1,57.5,2.5,4.9,7.4,1,1.4,0.5,0.5,2.3,26.1,11,0,-2,107,211
Mason Jones,PHI,22,32,10,22,10.5,5.3,1.6,3.8,42.3,0.8,2.1,36.4,1.3,2,62.5,0.2,1.5,1.7,1.3,0.9,0.2,0,0.8,9.1,0,0,-2.8,91,193
Matisse Thybulle,PHI,24,65,46,19,20,3.9,1.6,3.7,42,0.7,2.2,30.1,0.1,0.3,44.4,0.5,1.4,1.9,1,0.5,1.6,1.1,2,15.3,0,0,1.5,91,196
Matt Thomas,UTA,26,45,27,18,7.3,3.1,1.1,2.8,39.4,0.6,1.8,33.8,0.3,0.3,85.7,0.2,0.8,1,0.4,0.3,0.1,0,0.4,4.9,0,0,-1.5,86,193
Matthew Dellavedova,CLE,30,13,4,9,17.2,2.8,1.1,4.3,25,0.3,1.9,16,0.3,0.3,100,0.5,1.4,1.8,4.5,0.5,0.3,0.1,1.6,12.4,0,0,-1.4,91,191
Maurice Harkless,SAC,28,37,16,21,20.9,5.2,1.9,4.5,41.8,0.6,2.3,27.4,0.9,1.2,76.7,0.4,2.1,2.4,1.2,0.6,0.8,0.5,2.3,13.4,0,0,-1.2,100,201
Max Strus,MIA,25,39,14,25,13,6.1,2.2,4.8,45.5,1.3,3.8,33.8,0.4,0.6,66.7,0.1,0.9,1.1,0.6,0.2,0.3,0.1,1.1,9,0,0,-1,98,196
Maxi Kleber,DAL,29,50,31,19,26.8,7.1,2.3,5.5,42.2,1.7,4.2,41,0.7,0.7,91.9,0.9,4.3,5.2,1.4,0.6,0.5,0.7,2.1,18.3,0,0,2.7,109,208
Meyers Leonard,MIA,29,3,2,1,9.8,3.3,1,2.3,42.9,1,2.3,42.9,0.3,0.7,50,0,2.3,2.3,0.7,0.7,0,0,1.7,6.5,0,0,-1.3,118,213
Mfiondu Kabengele,CLE,23,39,20,19,7.2,2.4,0.8,2.3,37.1,0.3,1.3,26,0.4,0.5,80,0.3,1.2,1.5,0.4,0.4,0.2,0.3,0.9,6.2,0,0,-2.4,113,206
Michael Carter-Williams,ORL,29,31,12,19,25.8,8.8,3.4,8.7,38.9,0.5,2,24.6,1.6,2.6,61.3,1.3,3.2,4.5,4.2,2.2,0.8,0.5,2.6,22.3,0,0,-1.6,86,196
Michael Porter Jr.,DEN,23,61,40,21,31.3,19,7.3,13.4,54.2,2.8,6.3,44.5,1.7,2.2,79.1,1.5,5.8,7.3,1.1,1.3,0.7,0.9,2.1,32.9,15,0,5.9,99,208
Mikal Bridges,PHX,24,72,51,21,32.6,13.5,5,9.3,54.3,1.9,4.4,42.5,1.5,1.8,84,1.1,3.2,4.3,2.1,0.8,1.1,0.9,1.6,26.8,2,0,4.7,95,198
Mike Conley,UTA,33,51,37,14,29.4,16.2,5.6,12.5,44.4,2.7,6.6,41.2,2.4,2.8,85.2,0.7,2.8,3.5,6,1.9,1.4,0.2,1.9,32.1,6,0,10.7,79,185
Mike James,BKN,30,13,9,4,18.2,7.7,2.6,7.1,37,0.8,2.4,35.5,1.6,2.1,77.8,0.2,2.2,2.5,4.2,1.5,0.5,0.1,0.8,17,0,0,1.5,79,185
Mike Muscala,OKC,29,35,15,20,18.4,9.7,3.4,7.6,44.6,1.9,5.3,37,0.9,1,91.7,0.5,3.2,3.8,0.8,0.6,0.2,0.3,1.5,16.4,0,0,0.5,109,208
Mike Scott,PHI,32,51,35,16,16.7,4.2,1.5,4.1,36,1,3,34.2,0.2,0.2,66.7,0.2,2.1,2.4,0.8,0.4,0.5,0.3,1.4,10,0,0,-0.2,108,201
Miles Bridges,CHA,23,66,31,35,29.3,12.7,4.7,9.4,50.3,1.8,4.4,40,1.5,1.7,86.7,1.2,4.8,6,2.2,1.6,0.7,0.8,2.2,26,11,0,-0.1,102,198
Miye Oni,UTA,23,54,45,9,9.6,1.9,0.6,1.8,35.4,0.6,1.6,34.1,0.1,0.1,83.3,0.4,1.1,1.6,0.5,0.3,0.2,0.1,1.1,5.3,0,0,1.7,93,196
Mo Bamba,ORL,23,46,11,35,15.8,8,3.1,6.5,47.2,0.8,2.6,32.2,1,1.4,68.2,1.7,4.1,5.8,0.8,0.8,0.3,1.3,1.9,19.9,4,0,-4.4,105,213
Monte Morris,DEN,26,47,30,17,25.5,10.2,4,8.2,48.1,1.1,2.9,38.1,1.2,1.6,79.5,0.2,1.8,2,3.2,0.7,0.7,0.3,1,19.7,0,0,3.3,83,188
Moritz Wagner,ORL,24,45,19,26,16,6.9,2.3,5.1,45.4,0.7,2,34.1,1.6,1.9,81.6,0.6,2.6,3.2,1.1,1,0.6,0.4,2.4,14.4,1,0,-3.2,111,211
Mychal Mulder,GSW,27,60,33,27,12.8,5.6,2,4.4,44.9,1.4,3.6,39.7,0.2,0.4,63.6,0.1,0.9,1,0.4,0.3,0.2,0.2,0.9,8.4,0,0,1.1,83,191
Myles Turner,IND,25,47,22,25,31,12.6,4.4,9.2,47.7,1.5,4.4,33.5,2.4,3,78.2,1.3,5.2,6.5,1,1.4,0.9,3.4,3.5,33.2,7,0,0.5,113,211
Naji Marshall,NOP,23,32,14,18,21.9,7.7,2.6,6.5,39.2,0.9,2.6,34.9,1.7,2.3,70.7,0.5,4.2,4.6,2.8,1.2,0.8,0.3,1.8,19.6,3,0,-0.9,100,201
Nassir Little,POR,21,48,27,21,13.3,4.6,1.6,3.5,46.7,0.6,1.7,35,0.8,0.9,80,0.7,2,2.7,0.5,0.4,0.1,0.3,1.1,9.3,0,0,-0.8,100,196
Nate Darling,CHA,22,7,3,4,3.7,1.3,0.3,1,28.6,0.3,1,28.6,0.4,0.4,100,0.1,0,0.1,0.1,0.1,0,0.1,0.1,2,0,0,-4.3,91,198
Nate Hinton,DAL,22,21,11,10,4.4,2,0.7,2,35.7,0.2,0.9,21.1,0.3,0.5,70,0,0.4,0.4,0.4,0.2,0.3,0.1,0.4,4.1,0,0,-2.6,95,196
Nathan Knight,ATL,23,33,21,12,8.4,3.8,1.1,3,37,0.2,1,18.2,1.3,1.7,80,0.8,1.4,2.2,0.2,0.5,0.3,0.3,0.7,8,1,0,-0.5,115,208
Naz Reid,MIN,21,70,22,48,19.2,11.2,4.3,8.3,52.3,0.9,2.5,35.1,1.6,2.4,69.3,1.2,3.4,4.6,1,1,0.5,1.1,2.6,22,1,0,-4.2,120,206
Nemanja Bjelica,MIA,33,37,16,21,16.1,6.5,2.4,5.3,45.4,0.7,2.3,31.8,1,1.4,72.5,0.8,2.6,3.4,1.9,0.9,0.4,0.1,1.8,14.2,0,0,-1.8,106,208
